person,province,party,age,gender
ANTHONY PENDERIS,EASTERN CAPE,A PARTY,50 - 59,Male
JEREMIAH KEKANA,EASTERN CAPE,A PARTY,60 and over,Male
THEMBINKOSI MASINGA,EASTERN CAPE,A PARTY,60 and over,Male
MARIA LOUISA CARTER,EASTERN CAPE,A PARTY,40 - 49,Female
MZWANELE ZULU,EASTERN CAPE,A PARTY,60 and over,Male
TSHIFHIWA SAMUEL MAKHALE,EASTERN CAPE,A PARTY,50 - 59,Male
SHARON PATRICIA PENDERIS,EASTERN CAPE,A PARTY,50 - 59,Female
BROESE PHETHELO PENI,EASTERN CAPE,A PARTY,60 and over,Male
ALEYMARIA MALEFU MAQENA-POTSANE,EASTERN CAPE,A PARTY,50 - 59,Female
ANTHONY PENDERIS,FREE STATE,A PARTY,50 - 59,Male
JEREMIAH KEKANA,FREE STATE,A PARTY,60 and over,Male
THEMBINKOSI MASINGA,FREE STATE,A PARTY,60 and over,Male
MARIA LOUISA CARTER,FREE STATE,A PARTY,40 - 49,Female
MZWANELE ZULU,FREE STATE,A PARTY,60 and over,Male
TSHIFHIWA SAMUEL MAKHALE,FREE STATE,A PARTY,50 - 59,Male
ALEYMARIA MALEFU MAQENA-POTSANE,FREE STATE,A PARTY,50 - 59,Female
BROESE PHETHELO PENI,FREE STATE,A PARTY,60 and over,Male
ALMA DU PLESSIS,FREE STATE,A PARTY,60 and over,Female
MASILONYONE PAULUS PAKATITA,FREE STATE,A PARTY,40 - 49,Male
FULUFHEDZANI MERCY MAKHALE,FREE STATE,A PARTY,60 and over,Female
TSHIMANGADZO ISAAC MAKHALE,FREE STATE,A PARTY,60 and over,Male
ANTHONY PENDERIS,GAUTENG,A PARTY,50 - 59,Male
JEREMIAH KEKANA,GAUTENG,A PARTY,60 and over,Male
THEMBINKOSI MASINGA,GAUTENG,A PARTY,60 and over,Male
MARIA LOUISA CARTER,GAUTENG,A PARTY,40 - 49,Female
MZWANELE ZULU,GAUTENG,A PARTY,60 and over,Male
TSHIFHIWA SAMUEL MAKHALE,GAUTENG,A PARTY,50 - 59,Male
GERT PETRUS ALBERTUS BOOYSEN,GAUTENG,A PARTY,50 - 59,Male
ALMA DU PLESSIS,GAUTENG,A PARTY,60 and over,Female
EMILE LOUW JOUBERT,GAUTENG,A PARTY,60 and over,Male
BAWINILE WINNIE CHAVUMA,GAUTENG,A PARTY,60 and over,Female
WILLIAM MBAZIMA MAPALWENI,GAUTENG,A PARTY,60 and over,Male
MANONI MONYAI,GAUTENG,A PARTY,40 - 49,Female
CHARLES WINSTON BOYLES,GAUTENG,A PARTY,60 and over,Male
LYDIA MOKOENA,GAUTENG,A PARTY,60 and over,Female
LESIBA TIGH LEBELO,GAUTENG,A PARTY,60 and over,Male
BETTY SELLO,GAUTENG,A PARTY,30 - 39,Female
AGNES CHAUKE,GAUTENG,A PARTY,60 and over,Female
THERESA ANN BOYLES,GAUTENG,A PARTY,50 - 59,Female
TUMELO MOTHEO KEKANA,GAUTENG,A PARTY,60 and over,Male
YOLANDA MAGDA CARTER,GAUTENG,A PARTY,60 and over,Female
TSHIMANGADZO ISAAC MAKHALE,GAUTENG,A PARTY,60 and over,Male
MADZUHE ITANI GIDEON MAGORO,GAUTENG,A PARTY,50 - 59,Male
ANTHONY PENDERIS,KWAZULU-NATAL,A PARTY,50 - 59,Male
JEREMIAH KEKANA,KWAZULU-NATAL,A PARTY,60 and over,Male
THEMBINKOSI MASINGA,KWAZULU-NATAL,A PARTY,60 and over,Male
MARIA LOUISA CARTER,KWAZULU-NATAL,A PARTY,40 - 49,Female
MZWANELE ZULU,KWAZULU-NATAL,A PARTY,60 and over,Male
TSHIFHIWA SAMUEL MAKHALE,KWAZULU-NATAL,A PARTY,50 - 59,Male
BAWINILE WINNIE CHAVUMA,KWAZULU-NATAL,A PARTY,60 and over,Female
YOLANDA MAGDA CARTER,KWAZULU-NATAL,A PARTY,60 and over,Female
LYDIA MOKOENA,KWAZULU-NATAL,A PARTY,60 and over,Female
TUMELO MOTHEO KEKANA,KWAZULU-NATAL,A PARTY,60 and over,Male
AGNES CHAUKE,KWAZULU-NATAL,A PARTY,60 and over,Female
MAPITLE SAMUEL MHLANGA,KWAZULU-NATAL,A PARTY,50 - 59,Male
ANTHONY PENDERIS,MPUMALANGA,A PARTY,50 - 59,Male
JEREMIAH KEKANA,MPUMALANGA,A PARTY,60 and over,Male
THEMBINKOSI MASINGA,MPUMALANGA,A PARTY,60 and over,Male
MARIA LOUISA CARTER,MPUMALANGA,A PARTY,40 - 49,Female
MZWANELE ZULU,MPUMALANGA,A PARTY,60 and over,Male
TSHIFHIWA SAMUEL MAKHALE,MPUMALANGA,A PARTY,50 - 59,Male
MARY MULALO DZHALAGOME,MPUMALANGA,A PARTY,40 - 49,Female
MPHEDZISENI RAMALA,MPUMALANGA,A PARTY,60 and over,Male
MMBOSWOBENI SALTHIEL MATAMELA,MPUMALANGA,A PARTY,60 and over,Male
RUDZANI GOGORO,MPUMALANGA,A PARTY,60 and over,Female
LIVHUWANI JEREMIAH MUKWEVHO,MPUMALANGA,A PARTY,60 and over,Male
LIVHUWANI MATHEPHE,MPUMALANGA,A PARTY,60 and over,Female
BETTY RANDIMA,MPUMALANGA,A PARTY,60 and over,Female
ANTHONY PENDERIS,NORTHERN CAPE,A PARTY,50 - 59,Male
JEREMIAH KEKANA,NORTHERN CAPE,A PARTY,60 and over,Male
THEMBINKOSI MASINGA,NORTHERN CAPE,A PARTY,60 and over,Male
MARIA LOUISA CARTER,NORTHERN CAPE,A PARTY,40 - 49,Female
MZWANELE ZULU,NORTHERN CAPE,A PARTY,60 and over,Male
TSHIFHIWA SAMUEL MAKHALE,NORTHERN CAPE,A PARTY,50 - 59,Male
ANTHONY PENDERIS,LIMPOPO,A PARTY,50 - 59,Male
JEREMIAH KEKANA,LIMPOPO,A PARTY,60 and over,Male
THEMBINKOSI MASINGA,LIMPOPO,A PARTY,60 and over,Male
MARIA LOUISA CARTER,LIMPOPO,A PARTY,40 - 49,Female
MZWANELE ZULU,LIMPOPO,A PARTY,60 and over,Male
TSHIFHIWA SAMUEL MAKHALE,LIMPOPO,A PARTY,50 - 59,Male
GERT PETRUS ALBERTUS BOOYSEN,LIMPOPO,A PARTY,50 - 59,Male
FULUFHEDZANI MERCY MAKHALE,LIMPOPO,A PARTY,60 and over,Female
TSHIMANGADZO ISAAC MAKHALE,LIMPOPO,A PARTY,60 and over,Male
MADZUHE ITANI GIDEON MAGORO,LIMPOPO,A PARTY,50 - 59,Male
TONDANI REGINAH MAFADZA,LIMPOPO,A PARTY,60 and over,Female
THINGAAMBI HUMPHREY RATSHILUMELA,LIMPOPO,A PARTY,60 and over,Male
NKHANGWELENI KINGSLEY SIKHWIVHILU,LIMPOPO,A PARTY,60 and over,Male
SHANDUKANI ZACHARIA NEMALILI,LIMPOPO,A PARTY,60 and over,Male
MAKHADO MASITHI,LIMPOPO,A PARTY,60 and over,Male
AZWINNDINI ANNAH TSHABUSE,LIMPOPO,A PARTY,60 and over,Female
MARY MULALO DZHALAGOME,LIMPOPO,A PARTY,40 - 49,Female
MPHEDZISENI RAMALA,LIMPOPO,A PARTY,60 and over,Male
ANTHONY PENDERIS,NORTH WEST,A PARTY,50 - 59,Male
JEREMIAH KEKANA,NORTH WEST,A PARTY,60 and over,Male
THEMBINKOSI MASINGA,NORTH WEST,A PARTY,60 and over,Male
MARIA LOUISA CARTER,NORTH WEST,A PARTY,40 - 49,Female
MZWANELE ZULU,NORTH WEST,A PARTY,60 and over,Male
TSHIFHIWA SAMUEL MAKHALE,NORTH WEST,A PARTY,50 - 59,Male
ALEYMARIA MALEFU MAQENA-POTSANE,NORTH WEST,A PARTY,50 - 59,Female
BROESE PHETHELO PENI,NORTH WEST,A PARTY,60 and over,Male
SHARON PATRICIA PENDERIS,NORTH WEST,A PARTY,50 - 59,Female
MASILONYONE PAULUS PAKATITA,NORTH WEST,A PARTY,40 - 49,Male
MANONI MONYAI,NORTH WEST,A PARTY,40 - 49,Female
MAPITLE SAMUEL MHLANGA,NORTH WEST,A PARTY,50 - 59,Male
BETTY SELLO,NORTH WEST,A PARTY,30 - 39,Female
YOLANDA MAGDA CARTER,NORTH WEST,A PARTY,60 and over,Female
ANTHONY PENDERIS,WESTERN CAPE,A PARTY,50 - 59,Male
JEREMIAH KEKANA,WESTERN CAPE,A PARTY,60 and over,Male
THEMBINKOSI MASINGA,WESTERN CAPE,A PARTY,60 and over,Male
MARIA LOUISA CARTER,WESTERN CAPE,A PARTY,40 - 49,Female
MZWANELE ZULU,WESTERN CAPE,A PARTY,60 and over,Male
TSHIFHIWA SAMUEL MAKHALE,WESTERN CAPE,A PARTY,50 - 59,Male
EMILE LOUW JOUBERT,WESTERN CAPE,A PARTY,60 and over,Male
NAOMI HENRIETTA MALGAS,WESTERN CAPE,A PARTY,60 and over,Female
SHARON PATRICIA PENDERIS,WESTERN CAPE,A PARTY,50 - 59,Female
MASILONYONE PAULUS PAKATITA,WESTERN CAPE,A PARTY,40 - 49,Male
NONDUMISO KEMPELE,WESTERN CAPE,A PARTY,60 and over,Female
LUMUMBA NGAMNTWINI,WESTERN CAPE,A PARTY,60 and over,Male
HILDA NOMSA DEDISO,WESTERN CAPE,A PARTY,60 and over,Female
MAWETHU PAURITIUS HODINI,WESTERN CAPE,A PARTY,60 and over,Male
CYNTHIA NTOMBIZANDILE ZOLA,WESTERN CAPE,A PARTY,60 and over,Female
CHARLES SONWABO DIDI,WESTERN CAPE,A PARTY,60 and over,Male
ANDILE MAMKELI QOBO,WESTERN CAPE,A PARTY,60 and over,Male
ZITHULELE NGESI,WESTERN CAPE,A PARTY,60 and over,Male
NOBUHLE THISANI,WESTERN CAPE,A PARTY,60 and over,Female
ZANELE DORAH FIGLAN,WESTERN CAPE,A PARTY,60 and over,Female
JONGILANGA KENTE,WESTERN CAPE,A PARTY,60 and over,Male
LIVHUWANI MATHEPHE,WESTERN CAPE,A PARTY,60 and over,Female
LUKE MONWABISI QUSE,EASTERN CAPE,AFRICAN CHRISTIAN DEMOCRATIC PARTY,60 and over,Male
LITHA MASIVAKALE NCOKAZI,EASTERN CAPE,AFRICAN CHRISTIAN DEMOCRATIC PARTY,60 and over,Male
HENDRIK JACOBUS MARTHINUS MULLER,FREE STATE,AFRICAN CHRISTIAN DEMOCRATIC PARTY,50 - 59,Male
KHWAILE RUFUS MALATJI,GAUTENG,AFRICAN CHRISTIAN DEMOCRATIC PARTY,50 - 59,Male
MPHO PHANUEL MAMARIGANE,GAUTENG,AFRICAN CHRISTIAN DEMOCRATIC PARTY,50 - 59,Male
NICHOLAS COMBRING FISHER,GAUTENG,AFRICAN CHRISTIAN DEMOCRATIC PARTY,40 - 49,Male
SIMON SIBUSISO BADANILE NZIMANDE,GAUTENG,AFRICAN CHRISTIAN DEMOCRATIC PARTY,60 and over,Male
WAYNE MAXIM THRING,KWAZULU-NATAL,AFRICAN CHRISTIAN DEMOCRATIC PARTY,60 and over,Male
ROSEMARY SIMEON,KWAZULU-NATAL,AFRICAN CHRISTIAN DEMOCRATIC PARTY,60 and over,Female
CELUKWANDA ELVIS MPANZA,KWAZULU-NATAL,AFRICAN CHRISTIAN DEMOCRATIC PARTY,60 and over,Male
SIBONGILE JEANETTE MATHEBULA,MPUMALANGA,AFRICAN CHRISTIAN DEMOCRATIC PARTY,60 and over,Female
MARCIA SARAH MNISI,MPUMALANGA,AFRICAN CHRISTIAN DEMOCRATIC PARTY,60 and over,Female
BAITSENG LILLIAN NTEMBE,NORTHERN CAPE,AFRICAN CHRISTIAN DEMOCRATIC PARTY,60 and over,Female
EDWARD PESULO,LIMPOPO,AFRICAN CHRISTIAN DEMOCRATIC PARTY,60 and over,Male
MOYAHABO KIM MOTHIBE,LIMPOPO,AFRICAN CHRISTIAN DEMOCRATIC PARTY,60 and over,Female
MAGRIETA MAGDALENA BRIEL,NORTH WEST,AFRICAN CHRISTIAN DEMOCRATIC PARTY,60 and over,Female
MOLATLHEGI REUBEN SENOKWANE,NORTH WEST,AFRICAN CHRISTIAN DEMOCRATIC PARTY,60 and over,Male
HENDRY BENJAMIN CUPIDO,WESTERN CAPE,AFRICAN CHRISTIAN DEMOCRATIC PARTY,50 - 59,Male
CATHERINE TERSIA JEANETTE SIMMERS,WESTERN CAPE,AFRICAN CHRISTIAN DEMOCRATIC PARTY,40 - 49,Female
GUGILE ERNEST NKWINTI,EASTERN CAPE,AFRICAN NATIONAL CONGRESS,40 - 49,Male
NKOSINATHI BENSON FIHLA,EASTERN CAPE,AFRICAN NATIONAL CONGRESS,30 - 39,Male
KGOMOTSO RUTH MAGAU,FREE STATE,AFRICAN NATIONAL CONGRESS,60 and over,Female
KOPENG OBED BAPELA,GAUTENG,AFRICAN NATIONAL CONGRESS,50 - 59,Male
MUNTU DOREEN NXUMALO,GAUTENG,AFRICAN NATIONAL CONGRESS,40 - 49,Female
GERHARDUS WILLEM KOORNHOF,GAUTENG,AFRICAN NATIONAL CONGRESS,50 - 59,Male
FARIDA MAHOMED,GAUTENG,AFRICAN NATIONAL CONGRESS,50 - 59,Female
ZEPHROMA SIZANI DUBAZANA,KWAZULU-NATAL,AFRICAN NATIONAL CONGRESS,50 - 59,Female
ZWELIFILE CHRISTOPHER NTULI,KWAZULU-NATAL,AFRICAN NATIONAL CONGRESS,50 - 59,Male
NOKUTHULA BONIFACIA MNGADI,KWAZULU-NATAL,AFRICAN NATIONAL CONGRESS,60 and over,Female
JAMES JIM SKOSANA,MPUMALANGA,AFRICAN NATIONAL CONGRESS,60 and over,Male
VUSELELO VINCENT MAGAGULA,MPUMALANGA,AFRICAN NATIONAL CONGRESS,60 and over,Male
TINA MONICA JOEMAT-PETTERSSON,NORTHERN CAPE,AFRICAN NATIONAL CONGRESS,60 and over,Female
MANANA CATHERINE MABUZA,LIMPOPO,AFRICAN NATIONAL CONGRESS,40 - 49,Female
DIVILI WILSON MAVUNDA,LIMPOPO,AFRICAN NATIONAL CONGRESS,50 - 59,Male
MOLEFI SEFULARO,NORTH WEST,AFRICAN NATIONAL CONGRESS,50 - 59,Male
NOMTHETHO DINAH RAMORWESI,NORTH WEST,AFRICAN NATIONAL CONGRESS,60 and over,Female
XOLISWA CAROLINE MAKASI,WESTERN CAPE,AFRICAN NATIONAL CONGRESS,50 - 59,Female
JACOBUS JOHANNES BRYNARD,WESTERN CAPE,AFRICAN NATIONAL CONGRESS,40 - 49,Male
PHUMZILE HUBERT SONGO,EASTERN CAPE,AFRICAN PEOPLE'S CONVENTION,60 and over,Male
SESOMO SAMUEL SEAKHELA,FREE STATE,AFRICAN PEOPLE'S CONVENTION,40 - 49,Male
ANDREW MODUKANELE BERRIS MODISE,FREE STATE,AFRICAN PEOPLE'S CONVENTION,50 - 59,Male
MOHANOE JOHN MOKOENA,FREE STATE,AFRICAN PEOPLE'S CONVENTION,60 and over,Male
RAMAHLALERWA DOUGLAS MATHUME,GAUTENG,AFRICAN PEOPLE'S CONVENTION,60 and over,Male
VATHISWA MARTINS,GAUTENG,AFRICAN PEOPLE'S CONVENTION,60 and over,Female
DUMISANI WELCOME NGQULUNGA,KWAZULU-NATAL,AFRICAN PEOPLE'S CONVENTION,60 and over,Male
THULANI NICHOLUS XABA,KWAZULU-NATAL,AFRICAN PEOPLE'S CONVENTION,60 and over,Male
XIKOSI ERNEST HLATHI,MPUMALANGA,AFRICAN PEOPLE'S CONVENTION,60 and over,Male
KODWA PAT THEMBA,MPUMALANGA,AFRICAN PEOPLE'S CONVENTION,60 and over,Male
ELIZABETH NGALEKA,NORTHERN CAPE,AFRICAN PEOPLE'S CONVENTION,60 and over,Female
PHADISHE JOHANNES MOLOKOMME,LIMPOPO,AFRICAN PEOPLE'S CONVENTION,60 and over,Male
FRANCE MAKGALA,LIMPOPO,AFRICAN PEOPLE'S CONVENTION,60 and over,Male
MOJALEFA DYKE SEKOSANA,NORTH WEST,AFRICAN PEOPLE'S CONVENTION,40 - 49,Male
BOIKANYO JOHN BAIJANG,NORTH WEST,AFRICAN PEOPLE'S CONVENTION,60 and over,Male
NKOSINATHI SYDNEY MAHALA,WESTERN CAPE,AFRICAN PEOPLE'S CONVENTION,60 and over,Male
MOGAMAD GANIEF EBRAHIM HENDRICKS,EASTERN CAPE,AL JAMA-AH,40 - 49,Male
ABDUL GAMIET FLACKS,EASTERN CAPE,AL JAMA-AH,40 - 49,Male
MOGAMAD GANIEF EBRAHIM HENDRICKS,FREE STATE,AL JAMA-AH,40 - 49,Male
ABDUL GAMIET FLACKS,FREE STATE,AL JAMA-AH,40 - 49,Male
MOGAMAD GANIEF EBRAHIM HENDRICKS,GAUTENG,AL JAMA-AH,40 - 49,Male
ABDUL GAMIET FLACKS,GAUTENG,AL JAMA-AH,40 - 49,Male
ABDOOL RAZAK GOOLAM NOORBHAI,GAUTENG,AL JAMA-AH,50 - 59,Male
SHAUNEEZ AJAT,GAUTENG,AL JAMA-AH,60 and over,Female
SHIREEN DAVIDS,GAUTENG,AL JAMA-AH,50 - 59,Female
SALAMA NOORBHAI,GAUTENG,AL JAMA-AH,50 - 59,Female
MOGAMAD GANIEF EBRAHIM HENDRICKS,KWAZULU-NATAL,AL JAMA-AH,40 - 49,Male
ABDUL GAMIET FLACKS,KWAZULU-NATAL,AL JAMA-AH,40 - 49,Male
FIONA KHAN,KWAZULU-NATAL,AL JAMA-AH,60 and over,Female
HAROON YOUSUPH,KWAZULU-NATAL,AL JAMA-AH,40 - 49,Male
RADIFAI ENOS MODISANE,KWAZULU-NATAL,AL JAMA-AH,50 - 59,Male
MBONGISENI CHRISTIAN KHUMALO,KWAZULU-NATAL,AL JAMA-AH,60 and over,Male
MIKATEKO QUENTIN MANTHOSI,KWAZULU-NATAL,AL JAMA-AH,60 and over,Male
ISMAIL EBRAHIM MANSOOR,KWAZULU-NATAL,AL JAMA-AH,50 - 59,Male
MOGAMAD GANIEF EBRAHIM HENDRICKS,MPUMALANGA,AL JAMA-AH,40 - 49,Male
ABDUL GAMIET FLACKS,MPUMALANGA,AL JAMA-AH,40 - 49,Male
MOGAMAD GANIEF EBRAHIM HENDRICKS,LIMPOPO,AL JAMA-AH,40 - 49,Male
ABDUL GAMIET FLACKS,LIMPOPO,AL JAMA-AH,40 - 49,Male
MOGAMAD GANIEF EBRAHIM HENDRICKS,NORTHERN CAPE,AL JAMA-AH,40 - 49,Male
ABDUL GAMIET FLACKS,NORTHERN CAPE,AL JAMA-AH,40 - 49,Male
MOGAMAD GANIEF EBRAHIM HENDRICKS,NORTH WEST,AL JAMA-AH,40 - 49,Male
ABDUL GAMIET FLACKS,NORTH WEST,AL JAMA-AH,40 - 49,Male
MOGAMAD GANIEF EBRAHIM HENDRICKS,WESTERN CAPE,AL JAMA-AH,40 - 49,Male
ABDUL GAMIET FLACKS,WESTERN CAPE,AL JAMA-AH,40 - 49,Male
BIENIEYAMIEN ALEXANDER,WESTERN CAPE,AL JAMA-AH,40 - 49,Male
ANDILE BETHWELL TSHONA,EASTERN CAPE,ALLIANCE OF FREE DEMOCRATS,60 and over,Male
LERATO ROSLEA DINEKA,FREE STATE,ALLIANCE OF FREE DEMOCRATS,60 and over,Female
ABRAHAM CARL PEDRO,GAUTENG,ALLIANCE OF FREE DEMOCRATS,60 and over,Male
EPHI NONHLANHLA MOTALA,KWAZULU-NATAL,ALLIANCE OF FREE DEMOCRATS,60 and over,Female
MUHLE VALERY NDHLOVU,MPUMALANGA,ALLIANCE OF FREE DEMOCRATS,60 and over,Female
THEMBA JOSEPH SONO,LIMPOPO,ALLIANCE OF FREE DEMOCRATS,40 - 49,Male
MOILA NELSON PAPALA,NORTH WEST,ALLIANCE OF FREE DEMOCRATS,60 and over,Male
DEBORAH NOSISI MFIKI,WESTERN CAPE,ALLIANCE OF FREE DEMOCRATS,50 - 59,Female
SIMPIWE LAWRENCE HASHE,EASTERN CAPE,AZANIAN PEOPLE'S ORGANISATION,60 and over,Male
ZWELINZIMA BENJAMIN MATYU,EASTERN CAPE,AZANIAN PEOPLE'S ORGANISATION,50 - 59,Male
LUYANDA FUNDE,EASTERN CAPE,AZANIAN PEOPLE'S ORGANISATION,60 and over,Male
BASIL CECIL MANNING,GAUTENG,AZANIAN PEOPLE'S ORGANISATION,40 - 49,Male
STEPHEN JABULANI RAKWENA,MPUMALANGA,AZANIAN PEOPLE'S ORGANISATION,60 and over,Male
SEBASTIAN VELI MBELE,NORTHERN CAPE,AZANIAN PEOPLE'S ORGANISATION,60 and over,Male
KWENA CHRISTIAN MAKGOKA,LIMPOPO,AZANIAN PEOPLE'S ORGANISATION,50 - 59,Male
RONALD MTHUTHUZELI MAKHASI,NORTH WEST,AZANIAN PEOPLE'S ORGANISATION,60 and over,Male
MANDULELI MZAYIYA,WESTERN CAPE,AZANIAN PEOPLE'S ORGANISATION,60 and over,Male
SYDNEY MANZOLWANDLE GELANA,EASTERN CAPE,CHRISTIAN DEMOCRATIC ALLIANCE,30 - 39,Male
CHARMAINE ANNE-MARIE ALLISON,EASTERN CAPE,CHRISTIAN DEMOCRATIC ALLIANCE,60 and over,Female
JAN CHRISTOFFEL HENDRIK LANDMAN,FREE STATE,CHRISTIAN DEMOCRATIC ALLIANCE,40 - 49,Male
THEUNIS GUSTAV BOTHA,GAUTENG,CHRISTIAN DEMOCRATIC ALLIANCE,40 - 49,Male
STANLEY LE FLEUR,GAUTENG,CHRISTIAN DEMOCRATIC ALLIANCE,60 and over,Male
MALEKGALE BRENDA NYATHI,GAUTENG,CHRISTIAN DEMOCRATIC ALLIANCE,60 and over,Female
ADRI PRETORIUS,GAUTENG,CHRISTIAN DEMOCRATIC ALLIANCE,60 and over,Female
MARGARET ELIZABETH KIESER,GAUTENG,CHRISTIAN DEMOCRATIC ALLIANCE,50 - 59,Female
SANNA STASIE,NORTHERN CAPE,CHRISTIAN DEMOCRATIC ALLIANCE,60 and over,Female
EVAN NQELE VOYI,NORTH WEST,CHRISTIAN DEMOCRATIC ALLIANCE,60 and over,Male
KEVIN GRAHAM SOUTHGATE,WESTERN CAPE,CHRISTIAN DEMOCRATIC ALLIANCE,50 - 59,Male
RIVKA HOOSAIN,WESTERN CAPE,CHRISTIAN DEMOCRATIC ALLIANCE,60 and over,Female
MAKHOSAZANA ABIGAIL ALICIA NJOBE,EASTERN CAPE,CONGRESS OF THE PEOPLE,30 - 39,Female
BONIWE VERONICA MOLESHE,EASTERN CAPE,CONGRESS OF THE PEOPLE,40 - 49,Female
DIRATSAGAE ALFRED KGANARE,FREE STATE,CONGRESS OF THE PEOPLE,50 - 59,Male
NOLITHA YVONNE VUKUZA-LINDA,GAUTENG,CONGRESS OF THE PEOPLE,50 - 59,Female
SIPHO ALI NGHONA,GAUTENG,CONGRESS OF THE PEOPLE,60 and over,Male
SEKOLOKOLO SAMSON PHAKWAGO,GAUTENG,CONGRESS OF THE PEOPLE,50 - 59,Male
GRAHAM PETER DALZIEL MAC KENZIE,KWAZULU-NATAL,CONGRESS OF THE PEOPLE,50 - 59,Male
NOBUBELE POTWANA,KWAZULU-NATAL,CONGRESS OF THE PEOPLE,50 - 59,Female
LOURENS JOHANNES THERON,MPUMALANGA,CONGRESS OF THE PEOPLE,60 and over,Male
SANNA KEIKANTSEENG MOLAO,NORTHERN CAPE,CONGRESS OF THE PEOPLE,60 and over,Female
WILLIAM MOTHIPA MADISHA,LIMPOPO,CONGRESS OF THE PEOPLE,60 and over,Male
PAUL BUSHY MNGUNI,NORTH WEST,CONGRESS OF THE PEOPLE,60 and over,Male
PHILLIP DAVID DEXTER,WESTERN CAPE,CONGRESS OF THE PEOPLE,60 and over,Male
BUYISWA CYLDA RWEXWANA,WESTERN CAPE,CONGRESS OF THE PEOPLE,50 - 59,Female
ROLAND ATHOL PRICE TROLLIP,EASTERN CAPE,DEMOCRATIC ALLIANCE,60 and over,Male
KEVIN JOHN MILEHAM,EASTERN CAPE,DEMOCRATIC ALLIANCE,60 and over,Male
MZWANDILE NELSON DUMSE,EASTERN CAPE,DEMOCRATIC ALLIANCE,50 - 59,Male
NOMAWABO NTOLOSI,EASTERN CAPE,DEMOCRATIC ALLIANCE,60 and over,Female
ISAAC ADAMS,EASTERN CAPE,DEMOCRATIC ALLIANCE,40 - 49,Male
GERT JACOBUS BENJAMIN STOLS,EASTERN CAPE,DEMOCRATIC ALLIANCE,60 and over,Male
JACOBUS SCHMIDT,FREE STATE,DEMOCRATIC ALLIANCE,60 and over,Male
ROY JANKIELSOHN,FREE STATE,DEMOCRATIC ALLIANCE,60 and over,Male
SIDNEY EDWIN LEECH,FREE STATE,DEMOCRATIC ALLIANCE,60 and over,Male
IAN ORMISTON DAVIDSON,GAUTENG,DEMOCRATIC ALLIANCE,50 - 59,Male
JAMES ROBERT BOURNE LORIMER,GAUTENG,DEMOCRATIC ALLIANCE,60 and over,Male
GEORGE GAOLATLHE BOINAMO,GAUTENG,DEMOCRATIC ALLIANCE,40 - 49,Male
CHRISTIAN HENDRIK BOSHOFF,GAUTENG,DEMOCRATIC ALLIANCE,50 - 59,Male
NEIL GORDON CAMPBELL,GAUTENG,DEMOCRATIC ALLIANCE,50 - 59,Male
SAMANTHA NAIR,GAUTENG,DEMOCRATIC ALLIANCE,50 - 59,Female
JOHN EDWARD SLOAN,GAUTENG,DEMOCRATIC ALLIANCE,30 - 39,Male
MICHAEL JOHN MASON,GAUTENG,DEMOCRATIC ALLIANCE,40 - 49,Male
VASCO MANUEL DA GAMA,GAUTENG,DEMOCRATIC ALLIANCE,50 - 59,Male
JOHN GARTON BARROW,GAUTENG,DEMOCRATIC ALLIANCE,40 - 49,Male
EULBRI MAGESI KUBAYI,GAUTENG,DEMOCRATIC ALLIANCE,60 and over,Male
MICHAEL JAMES ELLIS,KWAZULU-NATAL,DEMOCRATIC ALLIANCE,40 - 49,Male
RORY DEAN MACPHERSON,KWAZULU-NATAL,DEMOCRATIC ALLIANCE,60 and over,Male
SUSAN MARY BURROWS,KWAZULU-NATAL,DEMOCRATIC ALLIANCE,50 - 59,Female
RONALD JAMES GLAISTER,KWAZULU-NATAL,DEMOCRATIC ALLIANCE,30 - 39,Male
THEMBINKOSI INNOCENT MAGAGULA,KWAZULU-NATAL,DEMOCRATIC ALLIANCE,60 and over,Male
MARION ANN MOSTERT,KWAZULU-NATAL,DEMOCRATIC ALLIANCE,40 - 49,Female
KEVIN PRINSLOO,KWAZULU-NATAL,DEMOCRATIC ALLIANCE,60 and over,Male
JAN CHRISTOFFEL VAN DEN BERG,KWAZULU-NATAL,DEMOCRATIC ALLIANCE,60 and over,Male
FLORENCE FRANCES ABRAMSON,KWAZULU-NATAL,DEMOCRATIC ALLIANCE,less than 30,Female
LOURENS LEMMER BOSMAN,MPUMALANGA,DEMOCRATIC ALLIANCE,40 - 49,Male
MARY ANGELA TAYLOR,MPUMALANGA,DEMOCRATIC ALLIANCE,40 - 49,Female
MOSALA WALTER KOENA,MPUMALANGA,DEMOCRATIC ALLIANCE,60 and over,Male
THAMI DAVID NXUMALO,MPUMALANGA,DEMOCRATIC ALLIANCE,40 - 49,Male
ANDREW LOUW,NORTHERN CAPE,DEMOCRATIC ALLIANCE,60 and over,Male
CATHARINA MARIA JANSE VAN RENSBURG,NORTHERN CAPE,DEMOCRATIC ALLIANCE,60 and over,Female
DÉSIRÉE VAN DER WALT,LIMPOPO,DEMOCRATIC ALLIANCE,50 - 59,Female
SIMON OUPA SOMO,LIMPOPO,DEMOCRATIC ALLIANCE,60 and over,Male
MBULAWA ELIAS KABINI,LIMPOPO,DEMOCRATIC ALLIANCE,60 and over,Male
ANNE KIRKPATRICK,LIMPOPO,DEMOCRATIC ALLIANCE,50 - 59,Female
SWONDAHA JEREMIAH MAHWAI,LIMPOPO,DEMOCRATIC ALLIANCE,60 and over,Male
JOHANNA FREDRIKA TERBLANCHE,NORTH WEST,DEMOCRATIC ALLIANCE,60 and over,Female
NORMAN EWART CLEGG BARLOW,NORTH WEST,DEMOCRATIC ALLIANCE,30 - 39,Male
WILLIE BEKKER,NORTH WEST,DEMOCRATIC ALLIANCE,50 - 59,Male
AGATHA WILHELMINA CILLIERS,NORTH WEST,DEMOCRATIC ALLIANCE,60 and over,Female
RYAN COETZEE,WESTERN CAPE,DEMOCRATIC ALLIANCE,60 and over,Male
ALBERT THEO FRITZ,WESTERN CAPE,DEMOCRATIC ALLIANCE,50 - 59,Male
ERIK JOHANNES MARAIS,WESTERN CAPE,DEMOCRATIC ALLIANCE,60 and over,Male
ERASMUS JOHANNES VAN ZYL,WESTERN CAPE,DEMOCRATIC ALLIANCE,40 - 49,Male
THEUNIS LOUIS BOTHA,WESTERN CAPE,DEMOCRATIC ALLIANCE,60 and over,Male
JACOBUS PETRUS JOHANNES BOTHA,WESTERN CAPE,DEMOCRATIC ALLIANCE,60 and over,Male
VINESH BHARATH CHUTURGOON,EASTERN CAPE,GREAT KONGRESS OF SOUTH AFRICA,60 and over,Male
VINESH BHARATH CHUTURGOON,FREE STATE,GREAT KONGRESS OF SOUTH AFRICA,60 and over,Male
VINESH BHARATH CHUTURGOON,GAUTENG,GREAT KONGRESS OF SOUTH AFRICA,60 and over,Male
VINESH BHARATH CHUTURGOON,KWAZULU-NATAL,GREAT KONGRESS OF SOUTH AFRICA,60 and over,Male
VINESH BHARATH CHUTURGOON,MPUMALANGA,GREAT KONGRESS OF SOUTH AFRICA,60 and over,Male
VINESH BHARATH CHUTURGOON,NORTHERN CAPE,GREAT KONGRESS OF SOUTH AFRICA,60 and over,Male
VINESH BHARATH CHUTURGOON,LIMPOPO,GREAT KONGRESS OF SOUTH AFRICA,60 and over,Male
VINESH BHARATH CHUTURGOON,NORTH WEST,GREAT KONGRESS OF SOUTH AFRICA,60 and over,Male
VINESH BHARATH CHUTURGOON,WESTERN CAPE,GREAT KONGRESS OF SOUTH AFRICA,60 and over,Male
CLIVE JONATHAN NJELA,EASTERN CAPE,INDEPENDENT DEMOCRATS,60 and over,Male
ANGELINE CECILIA ERASMUS,EASTERN CAPE,INDEPENDENT DEMOCRATS,60 and over,Female
BOERMAN JOSEPH WADE,EASTERN CAPE,INDEPENDENT DEMOCRATS,50 - 59,Male
SURAYA HOLT,FREE STATE,INDEPENDENT DEMOCRATS,60 and over,Female
MERVYN HYMAN CIROTA,GAUTENG,INDEPENDENT DEMOCRATS,50 - 59,Male
JOHANNA PHUTI NOMVETE,GAUTENG,INDEPENDENT DEMOCRATS,60 and over,Female
UNUS JOOSUB,GAUTENG,INDEPENDENT DEMOCRATS,40 - 49,Male
ISAAC VINCENT SYMONS,GAUTENG,INDEPENDENT DEMOCRATS,40 - 49,Male
SONWABILE AUBREY TSHALATA,KWAZULU-NATAL,INDEPENDENT DEMOCRATS,60 and over,Male
DEVCHAND GEEVAN NATHOO,KWAZULU-NATAL,INDEPENDENT DEMOCRATS,40 - 49,Male
KONANANI ESTHER GOGOME,KWAZULU-NATAL,INDEPENDENT DEMOCRATS,60 and over,Female
JAMES MBETSE,MPUMALANGA,INDEPENDENT DEMOCRATS,50 - 59,Male
DIKELEDI SAPINA MORARI,MPUMALANGA,INDEPENDENT DEMOCRATS,60 and over,Female
ISMAIL OBARAY,NORTHERN CAPE,INDEPENDENT DEMOCRATS,60 and over,Male
SOLANI PHANUEL GUDLHUZA,LIMPOPO,INDEPENDENT DEMOCRATS,50 - 59,Male
NALEDZANI FLONAH MULAUDZI,LIMPOPO,INDEPENDENT DEMOCRATS,60 and over,Female
AGNES TSAMAI,NORTH WEST,INDEPENDENT DEMOCRATS,50 - 59,Female
MANGKANANA MPHO AGNES MASIA-NOBULA,NORTH WEST,INDEPENDENT DEMOCRATS,60 and over,Female
LANCE WILLIAM GREYLING,WESTERN CAPE,INDEPENDENT DEMOCRATS,60 and over,Male
JENNIFER SHARON BOTHA,WESTERN CAPE,INDEPENDENT DEMOCRATS,50 - 59,Female
BABALWA MURIEL GATYENI,EASTERN CAPE,INKATHA FREEDOM PARTY,50 - 59,Female
NOCAWE ELFINA YAWA,EASTERN CAPE,INKATHA FREEDOM PARTY,60 and over,Female
PHUMLA MQWALA,EASTERN CAPE,INKATHA FREEDOM PARTY,60 and over,Female
BONGISWA GXEKWA,EASTERN CAPE,INKATHA FREEDOM PARTY,60 and over,Female
VUYANE ZAMANI,EASTERN CAPE,INKATHA FREEDOM PARTY,60 and over,Male
SONWABO TSHOLEKA,EASTERN CAPE,INKATHA FREEDOM PARTY,60 and over,Male
NOLUDWE PALISA ARETHA WIGGINS,EASTERN CAPE,INKATHA FREEDOM PARTY,60 and over,Female
SIKA LUCAS MOLOI,FREE STATE,INKATHA FREEDOM PARTY,60 and over,Male
SABELO CLARENCE SIGUDU,FREE STATE,INKATHA FREEDOM PARTY,60 and over,Male
MARVELLOUS THOKOZILE SIMELANE,FREE STATE,INKATHA FREEDOM PARTY,60 and over,Female
KHAHLISO BEAUTY MANTSOE,FREE STATE,INKATHA FREEDOM PARTY,60 and over,Female
YVONNE MEISIE JABULILE TSHABALALA,FREE STATE,INKATHA FREEDOM PARTY,60 and over,Female
NGWENDE JONAS SIMELANE,FREE STATE,INKATHA FREEDOM PARTY,60 and over,Male
DAVID MPHATSISI MOLOI,FREE STATE,INKATHA FREEDOM PARTY,60 and over,Male
BONGINKOSI WESLEY DHLAMINI,GAUTENG,INKATHA FREEDOM PARTY,60 and over,Male
MARIA TSHABALALA,GAUTENG,INKATHA FREEDOM PARTY,60 and over,Female
HENDRIK JACOBUS BEKKER,GAUTENG,INKATHA FREEDOM PARTY,40 - 49,Male
SIPHO MZWAKHE SITHOLE,GAUTENG,INKATHA FREEDOM PARTY,50 - 59,Male
FIKELEPHI GAMEDE,GAUTENG,INKATHA FREEDOM PARTY,50 - 59,Female
JAN ADRIAAN ESTERHUIZEN,GAUTENG,INKATHA FREEDOM PARTY,40 - 49,Male
PHILANI DLOMO,GAUTENG,INKATHA FREEDOM PARTY,60 and over,Male
MADALA ABRAM MZIZI,GAUTENG,INKATHA FREEDOM PARTY,40 - 49,Male
KEITH MUNTUWENKOSI ZONDI,KWAZULU-NATAL,INKATHA FREEDOM PARTY,60 and over,Male
NAREND SINGH,KWAZULU-NATAL,INKATHA FREEDOM PARTY,50 - 59,Male
VELAPHI BETHUEL NDLOVU,KWAZULU-NATAL,INKATHA FREEDOM PARTY,40 - 49,Male
ERIC JAMES LUCAS,KWAZULU-NATAL,INKATHA FREEDOM PARTY,30 - 39,Male
PETER FRANCIS SMITH,KWAZULU-NATAL,INKATHA FREEDOM PARTY,50 - 59,Male
ALFRED MKHIPHENI MPONTSHANE,KWAZULU-NATAL,INKATHA FREEDOM PARTY,50 - 59,Male
RUSSEL NSIKAYEZWE CEBEKHULU,KWAZULU-NATAL,INKATHA FREEDOM PARTY,50 - 59,Male
HILDAH SIZAKELE MSWELI,KWAZULU-NATAL,INKATHA FREEDOM PARTY,40 - 49,Female
BUSAPHI ELEONOR MACHI,KWAZULU-NATAL,INKATHA FREEDOM PARTY,50 - 59,Female
BHEKA GLADWIN NDLELA,KWAZULU-NATAL,INKATHA FREEDOM PARTY,40 - 49,Male
IVAN ROWEN BARNES,KWAZULU-NATAL,INKATHA FREEDOM PARTY,60 and over,Male
BONGOKWAKHE MTHOKOZISI NZUZA,KWAZULU-NATAL,INKATHA FREEDOM PARTY,60 and over,Male
VANESHREE ANAMALAY,KWAZULU-NATAL,INKATHA FREEDOM PARTY,60 and over,Female
MZIKAYISE GABRIEL ZULU,KWAZULU-NATAL,INKATHA FREEDOM PARTY,50 - 59,Male
ABEL MTHENJWA HLONGWANE,KWAZULU-NATAL,INKATHA FREEDOM PARTY,60 and over,Male
BHEKIZIZWE NIVARD LUTHULI,KWAZULU-NATAL,INKATHA FREEDOM PARTY,50 - 59,Male
EDWARD MNGADI,KWAZULU-NATAL,INKATHA FREEDOM PARTY,50 - 59,Male
NCAMISILE JERICH NKWANYANA,KWAZULU-NATAL,INKATHA FREEDOM PARTY,50 - 59,Female
ABBIE NOMABANDLA THOKOZANI 380 MCHUNU,KWAZULU-NATAL,INKATHA FREEDOM PARTY,60 and over,Male
SIPHIWO JAMES NKOSI,KWAZULU-NATAL,INKATHA FREEDOM PARTY,40 - 49,Male
MAHLALANYATHI HANDRY NYEMBE,KWAZULU-NATAL,INKATHA FREEDOM PARTY,50 - 59,Male
BRILLINTINE SAMKELISIWE MAVUNDLA,KWAZULU-NATAL,INKATHA FREEDOM PARTY,60 and over,Female
NHLANHLAKAYISE MOSES KHUBISA,KWAZULU-NATAL,INKATHA FREEDOM PARTY,60 and over,Male
MPILO PATRICK MTESHANE,KWAZULU-NATAL,INKATHA FREEDOM PARTY,50 - 59,Male
DAVID PAUL MARAIS,KWAZULU-NATAL,INKATHA FREEDOM PARTY,50 - 59,Male
MSAKAYISE JOSEPH ZUMA,KWAZULU-NATAL,INKATHA FREEDOM PARTY,60 and over,Male
PERCY GRANT MABILISA,KWAZULU-NATAL,INKATHA FREEDOM PARTY,60 and over,Male
VELA CECIL GUMEDE,KWAZULU-NATAL,INKATHA FREEDOM PARTY,50 - 59,Male
ZANDILE JOY MNDAWENI,KWAZULU-NATAL,INKATHA FREEDOM PARTY,60 and over,Female
SEZIKHONA REJOYCE SOKHULU,KWAZULU-NATAL,INKATHA FREEDOM PARTY,60 and over,Female
PHILANJALO ZULU,KWAZULU-NATAL,INKATHA FREEDOM PARTY,60 and over,Male
ZWELOMBANGO ERIC KHOZA,KWAZULU-NATAL,INKATHA FREEDOM PARTY,50 - 59,Male
SIPHAKEME PHILA BUTHELEZI,KWAZULU-NATAL,INKATHA FREEDOM PARTY,60 and over,Male
ALSON MBATHA,KWAZULU-NATAL,INKATHA FREEDOM PARTY,60 and over,Male
MHLABUNZIMA RONALD BHENGU,KWAZULU-NATAL,INKATHA FREEDOM PARTY,50 - 59,Male
THOKOZANE SABELO MDLULI,KWAZULU-NATAL,INKATHA FREEDOM PARTY,60 and over,Male
KHEHLA JOSEPH KHESWA,KWAZULU-NATAL,INKATHA FREEDOM PARTY,30 - 39,Male
BHEKINKOSI MBONGENI NGWANE,KWAZULU-NATAL,INKATHA FREEDOM PARTY,60 and over,Male
BHEKABANTU CHRISTOPHER KHUZWAYO,KWAZULU-NATAL,INKATHA FREEDOM PARTY,60 and over,Male
MKHETHENI BETHUEL MTHIYANE,KWAZULU-NATAL,INKATHA FREEDOM PARTY,40 - 49,Male
MKHULISENI MNTAMBO,KWAZULU-NATAL,INKATHA FREEDOM PARTY,60 and over,Male
QEDUSIZI QAMBESHILO BUTHELEZI,KWAZULU-NATAL,INKATHA FREEDOM PARTY,60 and over,Male
SIBUSISO VELENKOSINI MATHABELA,KWAZULU-NATAL,INKATHA FREEDOM PARTY,60 and over,Male
JABULANI RICHARD SIBIYA,MPUMALANGA,INKATHA FREEDOM PARTY,60 and over,Male
MAXWELL SANDLESIHLE MOSES 5602 SIBIYA,MPUMALANGA,INKATHA FREEDOM PARTY,less than 30,Female
HLENGIWE ANTONIA MNCUBE,MPUMALANGA,INKATHA FREEDOM PARTY,60 and over,Female
ZANELE PRISCA GLORIAN MTHIMUNYE,MPUMALANGA,INKATHA FREEDOM PARTY,60 and over,Female
JOEL TOKOZANI HLATSHWAYO,MPUMALANGA,INKATHA FREEDOM PARTY,50 - 59,Male
THATHOKWAKHE EDWARD PHAKATHI,NORTHERN CAPE,INKATHA FREEDOM PARTY,60 and over,Male
NQATHO ELIAS GABUZA,NORTHERN CAPE,INKATHA FREEDOM PARTY,50 - 59,Male
LOUIS SHIKOBELA CHRISTMAS HLATSHWAYO,LIMPOPO,INKATHA FREEDOM PARTY,40 - 49,Male
ALETTA MATHUMBU,LIMPOPO,INKATHA FREEDOM PARTY,60 and over,Female
MICHAEL ESSEU MKHONTO,LIMPOPO,INKATHA FREEDOM PARTY,60 and over,Male
SHARON MOKOENA,LIMPOPO,INKATHA FREEDOM PARTY,60 and over,Female
RIVEEN EUNICE MOKOENA,LIMPOPO,INKATHA FREEDOM PARTY,60 and over,Female
ADVICE VICENT NDLOVU,LIMPOPO,INKATHA FREEDOM PARTY,60 and over,Male
TINYIKO NDUBANE,LIMPOPO,INKATHA FREEDOM PARTY,60 and over,Female
SONTY GOODNESS SITHOLE,LIMPOPO,INKATHA FREEDOM PARTY,60 and over,Female
NOKUTHULA VICTORIA CETYANA,NORTH WEST,INKATHA FREEDOM PARTY,60 and over,Female
AGNES MOTABOGI,NORTH WEST,INKATHA FREEDOM PARTY,60 and over,Female
RABI REBECCA KWENA,NORTH WEST,INKATHA FREEDOM PARTY,60 and over,Female
ANDILE SHADRACK DASSIE,NORTH WEST,INKATHA FREEDOM PARTY,60 and over,Male
MTHETHELELI HOBE,NORTH WEST,INKATHA FREEDOM PARTY,60 and over,Male
PONTSHO AGNES MQAMELO,NORTH WEST,INKATHA FREEDOM PARTY,60 and over,Female
MANANA JOYCE SELAPISA,NORTH WEST,INKATHA FREEDOM PARTY,60 and over,Female
CHAFIK JAMARI,WESTERN CAPE,INKATHA FREEDOM PARTY,60 and over,Male
RICARDO SEDRES,WESTERN CAPE,INKATHA FREEDOM PARTY,60 and over,Male
PATRICK PILLAY,EASTERN CAPE,MINORITY FRONT,60 and over,Male
ROYITH BALOO BHOOLA,EASTERN CAPE,MINORITY FRONT,60 and over,Male
VIMMI RAMDAAS BACHU,EASTERN CAPE,MINORITY FRONT,60 and over,Female
PRAGASAN PADAYACHEE,EASTERN CAPE,MINORITY FRONT,60 and over,Male
ISMAIL CASSIMJEE,EASTERN CAPE,MINORITY FRONT,60 and over,Male
AMICHAND RAJBANSI,FREE STATE,MINORITY FRONT,40 - 49,Male
ROYITH BALOO BHOOLA,FREE STATE,MINORITY FRONT,60 and over,Male
ISMAIL CASSIMJEE,FREE STATE,MINORITY FRONT,60 and over,Male
SHAMEEN THAKUR-RAJBANSI,FREE STATE,MINORITY FRONT,60 and over,Female
SUNKLAVATHY RAJBALLY,FREE STATE,MINORITY FRONT,30 - 39,Female
SHAMEEN THAKUR-RAJBANSI,GAUTENG,MINORITY FRONT,60 and over,Female
AMICHAND RAJBANSI,GAUTENG,MINORITY FRONT,40 - 49,Male
ROYITH BALOO BHOOLA,GAUTENG,MINORITY FRONT,60 and over,Male
PATRICK PILLAY,GAUTENG,MINORITY FRONT,60 and over,Male
KUMARI PADAYACHEE,GAUTENG,MINORITY FRONT,60 and over,Female
AMICHAND RAJBANSI,KWAZULU-NATAL,MINORITY FRONT,40 - 49,Male
SHAMEEN THAKUR-RAJBANSI,KWAZULU-NATAL,MINORITY FRONT,60 and over,Female
PATRICK PILLAY,KWAZULU-NATAL,MINORITY FRONT,60 and over,Male
ROYITH BALOO BHOOLA,KWAZULU-NATAL,MINORITY FRONT,60 and over,Male
ISMAIL CASSIMJEE,KWAZULU-NATAL,MINORITY FRONT,60 and over,Male
AISHWAIN GOPAUL NAIR,KWAZULU-NATAL,MINORITY FRONT,60 and over,Male
VIMMI RAMDAAS BACHU,KWAZULU-NATAL,MINORITY FRONT,60 and over,Female
PRAGASAN PADAYACHEE,KWAZULU-NATAL,MINORITY FRONT,60 and over,Male
BANPARKASH GIRDHARI,KWAZULU-NATAL,MINORITY FRONT,40 - 49,Male
ANITHA RAMFOL,KWAZULU-NATAL,MINORITY FRONT,50 - 59,Female
ANSUYAHDEVI MOODLEY,KWAZULU-NATAL,MINORITY FRONT,60 and over,Female
MARIAM GOVENDER,KWAZULU-NATAL,MINORITY FRONT,60 and over,Female
ZANELE LADYFAIR GUMEDE,KWAZULU-NATAL,MINORITY FRONT,60 and over,Female
GANGRAJ CHETTY,KWAZULU-NATAL,MINORITY FRONT,50 - 59,Male
SUNKLAVATHY RAJBALLY,KWAZULU-NATAL,MINORITY FRONT,30 - 39,Female
SENPRABHA STEFANIDIS,KWAZULU-NATAL,MINORITY FRONT,40 - 49,Female
KUMARI PADAYACHEE,KWAZULU-NATAL,MINORITY FRONT,60 and over,Female
SHRITHA BHOOLA,KWAZULU-NATAL,MINORITY FRONT,60 and over,Female
ANANDAN NAIDOO,KWAZULU-NATAL,MINORITY FRONT,50 - 59,Male
SHANE HANSRAJ,KWAZULU-NATAL,MINORITY FRONT,60 and over,Male
AMICHAND RAJBANSI,MPUMALANGA,MINORITY FRONT,40 - 49,Male
PATRICK PILLAY,MPUMALANGA,MINORITY FRONT,60 and over,Male
SHANE HANSRAJ,MPUMALANGA,MINORITY FRONT,60 and over,Male
ROYITH BALOO BHOOLA,MPUMALANGA,MINORITY FRONT,60 and over,Male
GANGRAJ CHETTY,MPUMALANGA,MINORITY FRONT,50 - 59,Male
AMICHAND RAJBANSI,NORTHERN CAPE,MINORITY FRONT,40 - 49,Male
SHAMEEN THAKUR-RAJBANSI,NORTHERN CAPE,MINORITY FRONT,60 and over,Female
SUNKLAVATHY RAJBALLY,NORTHERN CAPE,MINORITY FRONT,30 - 39,Female
ROYITH BALOO BHOOLA,NORTHERN CAPE,MINORITY FRONT,60 and over,Male
BANPARKASH GIRDHARI,NORTHERN CAPE,MINORITY FRONT,40 - 49,Male
AMICHAND RAJBANSI,LIMPOPO,MINORITY FRONT,40 - 49,Male
ROYITH BALOO BHOOLA,LIMPOPO,MINORITY FRONT,60 and over,Male
BANPARKASH GIRDHARI,LIMPOPO,MINORITY FRONT,40 - 49,Male
SHAMEEN THAKUR-RAJBANSI,LIMPOPO,MINORITY FRONT,60 and over,Female
SENPRABHA STEFANIDIS,LIMPOPO,MINORITY FRONT,40 - 49,Female
AMICHAND RAJBANSI,NORTH WEST,MINORITY FRONT,40 - 49,Male
ROYITH BALOO BHOOLA,NORTH WEST,MINORITY FRONT,60 and over,Male
PATRICK PILLAY,NORTH WEST,MINORITY FRONT,60 and over,Male
ISMAIL CASSIMJEE,NORTH WEST,MINORITY FRONT,60 and over,Male
SUNKLAVATHY RAJBALLY,NORTH WEST,MINORITY FRONT,30 - 39,Female
AMICHAND RAJBANSI,WESTERN CAPE,MINORITY FRONT,40 - 49,Male
ROYITH BALOO BHOOLA,WESTERN CAPE,MINORITY FRONT,60 and over,Male
PATRICK PILLAY,WESTERN CAPE,MINORITY FRONT,60 and over,Male
MARIAM GOVENDER,WESTERN CAPE,MINORITY FRONT,60 and over,Female
KUMARI PADAYACHEE,WESTERN CAPE,MINORITY FRONT,60 and over,Female
PHANGWENI SARAH MABUNDA,GAUTENG,MOVEMENT DEMOCRATIC PARTY,50 - 59,Female
KHAZAMULA ELIAS BILA,LIMPOPO,MOVEMENT DEMOCRATIC PARTY,60 and over,Male
JOSEPH ISAKA TLHOAELE,NORTH WEST,MOVEMENT DEMOCRATIC PARTY,60 and over,Male
RICHARD JOHN PETERSEN,EASTERN CAPE,NATIONAL DEMOCRATIC CONVENTION,60 and over,Male
THEMBA FREDDY MBUTHO,FREE STATE,NATIONAL DEMOCRATIC CONVENTION,50 - 59,Male
BENNETT NGAKANANI NKABINDE,GAUTENG,NATIONAL DEMOCRATIC CONVENTION,60 and over,Male
SIBUSISO ERIC NDLELA,KWAZULU-NATAL,NATIONAL DEMOCRATIC CONVENTION,60 and over,Male
OBAKENG NICOLUS MOOKI,MPUMALANGA,NATIONAL DEMOCRATIC CONVENTION,60 and over,Male
OUPA KHAILEP RAKUBA,NORTH WEST,NATIONAL DEMOCRATIC CONVENTION,50 - 59,Male
NOMTWABELA CELIA NCUBUKA,EASTERN CAPE,NEW VISION PARTY,40 - 49,Female
MABLE TLOU SETJIE,EASTERN CAPE,NEW VISION PARTY,60 and over,Female
MOGAPI JERRY MNISI,EASTERN CAPE,NEW VISION PARTY,60 and over,Male
MORENA JOSEPH MAHAMOTSA,EASTERN CAPE,NEW VISION PARTY,50 - 59,Male
ESAIA MOTLOUNG,FREE STATE,NEW VISION PARTY,40 - 49,Male
MODIKE DINAH PHASHA,FREE STATE,NEW VISION PARTY,60 and over,Female
CHRISTINAH MOSHIANE MABOGOANE,FREE STATE,NEW VISION PARTY,60 and over,Female
MATOME ISAAC MANOKWANA,FREE STATE,NEW VISION PARTY,60 and over,Male
SELLO WILLIS MOKOENA,FREE STATE,NEW VISION PARTY,60 and over,Male
THOKO WELHEMINAH MAENETJA,FREE STATE,NEW VISION PARTY,60 and over,Female
KOENA WILSON MOLOPE,FREE STATE,NEW VISION PARTY,60 and over,Male
MAKOENA JERRY SEEMA,FREE STATE,NEW VISION PARTY,60 and over,Male
MANKHOLO JOSEPH LEDWABA,FREE STATE,NEW VISION PARTY,50 - 59,Male
HAROLD PHUTI MPJANA,FREE STATE,NEW VISION PARTY,60 and over,Male
SONTAGA CONTY LEBEPE,GAUTENG,NEW VISION PARTY,60 and over,Male
MASEFAKO CAROL MAKGABO,GAUTENG,NEW VISION PARTY,60 and over,Female
MORENA JOSEPH MAHAMOTSA,GAUTENG,NEW VISION PARTY,50 - 59,Male
TSHIVHANGWAHO ROBERT RAMADI,KWAZULU-NATAL,NEW VISION PARTY,50 - 59,Male
ROBERT MASHUDI RAMADI,KWAZULU-NATAL,NEW VISION PARTY,60 and over,Male
MAKOSHA CONFIDENCE PHOOKO,KWAZULU-NATAL,NEW VISION PARTY,60 and over,Female
SEGABELWANE PHILEMON RAMOGAYANA,KWAZULU-NATAL,NEW VISION PARTY,50 - 59,Male
NGWANAMABOWANE RAMOGAYANA,KWAZULU-NATAL,NEW VISION PARTY,60 and over,Female
BAHLAKOTJE SELINA PHOKANE,MPUMALANGA,NEW VISION PARTY,60 and over,Female
MALESELA EPHRAIM LEKGOTHOANE,MPUMALANGA,NEW VISION PARTY,60 and over,Male
MMAMONAKE EVA TSHEBESEBE,MPUMALANGA,NEW VISION PARTY,50 - 59,Female
MATSOBANE PHILIPUS MELLO,MPUMALANGA,NEW VISION PARTY,50 - 59,Male
RAMASELA MARTHA MALLA,MPUMALANGA,NEW VISION PARTY,60 and over,Female
LULU CAROLINE MOROPA,MPUMALANGA,NEW VISION PARTY,60 and over,Female
LESIBA HENDRICK BALOYI,MPUMALANGA,NEW VISION PARTY,60 and over,Male
MMAPITSI LESTERINA LETSOALO,MPUMALANGA,NEW VISION PARTY,60 and over,Female
LESIBA EDWARD KOTLOLO,MPUMALANGA,NEW VISION PARTY,60 and over,Male
MADIMETJA GEOFFREY MOLOMO,MPUMALANGA,NEW VISION PARTY,60 and over,Male
KGABO JUSTINOS MOKOELE,NORTHERN CAPE,NEW VISION PARTY,60 and over,Male
REBOTILE MATSHENGWANE MASHILO,NORTHERN CAPE,NEW VISION PARTY,60 and over,Female
POKA MERIAM CHAUKE,NORTHERN CAPE,NEW VISION PARTY,60 and over,Female
SENGANGELE DAPHNEY DIGASHU,NORTHERN CAPE,NEW VISION PARTY,60 and over,Female
MATSOBANE HENDRICK LEHUTSO,NORTHERN CAPE,NEW VISION PARTY,40 - 49,Male
CHUENE ANDRIES MABALA,NORTHERN CAPE,NEW VISION PARTY,60 and over,Male
MZAMANE WILLIAM MASHELE,NORTHERN CAPE,NEW VISION PARTY,50 - 59,Male
RAMATSOBANE DAISY SEBUA,NORTHERN CAPE,NEW VISION PARTY,60 and over,Female
MACHOENE MARTIN SEPHOKA,NORTHERN CAPE,NEW VISION PARTY,60 and over,Male
MATSOBANE PHILIPUS MELLO,LIMPOPO,NEW VISION PARTY,50 - 59,Male
PHU SOLOMON NGWEPE,LIMPOPO,NEW VISION PARTY,40 - 49,Male
NGAKO DAVID SETJIE,LIMPOPO,NEW VISION PARTY,60 and over,Male
MOSIMA MELINE BOPAPE,LIMPOPO,NEW VISION PARTY,60 and over,Female
MOTSWAKO JAMES MALAPANE,LIMPOPO,NEW VISION PARTY,50 - 59,Male
MAEPA DAPHNEY MODIKOA,LIMPOPO,NEW VISION PARTY,60 and over,Female
MALAYA WINNIE MOABELO,LIMPOPO,NEW VISION PARTY,60 and over,Female
LINAH MMAPELA MAUPI,LIMPOPO,NEW VISION PARTY,60 and over,Female
MOKGANYETSE ANNAH BAPELA,LIMPOPO,NEW VISION PARTY,50 - 59,Female
RAMAESELA SINAH NCHABELENG,LIMPOPO,NEW VISION PARTY,60 and over,Female
TOLOKA SAMUEL MASHILO,LIMPOPO,NEW VISION PARTY,60 and over,Male
MAKUPANE EVA MASHILO,LIMPOPO,NEW VISION PARTY,60 and over,Female
MACHOENE MARIA MAHWIBILA,LIMPOPO,NEW VISION PARTY,60 and over,Female
RAMASELA STEPHINA RAKOBELA,LIMPOPO,NEW VISION PARTY,60 and over,Female
MALEFO DORA MALATJI,LIMPOPO,NEW VISION PARTY,60 and over,Female
KGABO ABSINAH MOJELA,LIMPOPO,NEW VISION PARTY,60 and over,Female
JEFFREY FOURRIE MALATJI,LIMPOPO,NEW VISION PARTY,60 and over,Male
KGAUGELO MARIA MOLEYA,LIMPOPO,NEW VISION PARTY,60 and over,Female
MAHLODI CYLIA SEOPANE,LIMPOPO,NEW VISION PARTY,60 and over,Female
SETLABO JUDAS MAKGOBA,LIMPOPO,NEW VISION PARTY,60 and over,Male
MAPULA MERIAM RAMORASWI,LIMPOPO,NEW VISION PARTY,60 and over,Female
HULLEKEN MATLOU PHASHA,LIMPOPO,NEW VISION PARTY,60 and over,Female
SERUWE LYTTON NTLADI,LIMPOPO,NEW VISION PARTY,50 - 59,Male
MAKELEPE ALFRED THOBANE,LIMPOPO,NEW VISION PARTY,60 and over,Male
KEABETSWE DORCUS MAIFO,LIMPOPO,NEW VISION PARTY,60 and over,Female
MPHEGWANA DIANAH MOKWANA,LIMPOPO,NEW VISION PARTY,60 and over,Female
MAIME VINCENT MAESELA,LIMPOPO,NEW VISION PARTY,60 and over,Male
RALETJATJI WILLIAM MPHAHLELE,LIMPOPO,NEW VISION PARTY,60 and over,Male
MASILO PATRICK SETJIE,LIMPOPO,NEW VISION PARTY,60 and over,Male
PHINA MASHOTSA,LIMPOPO,NEW VISION PARTY,60 and over,Female
MAPOTLE AGNES MAHLAGAUME,LIMPOPO,NEW VISION PARTY,60 and over,Female
FLORAH WELLEMINAH BALOYI-MABASA,LIMPOPO,NEW VISION PARTY,60 and over,Female
PETRUS MAPHALE SHAKU,LIMPOPO,NEW VISION PARTY,60 and over,Male
HUNADI EMARIEL NCHABELENG,LIMPOPO,NEW VISION PARTY,60 and over,Female
LIVHUANI ELVIS MADZUVHANI,LIMPOPO,NEW VISION PARTY,60 and over,Male
ELIZABETH MMATHETE MOLOKOMME,LIMPOPO,NEW VISION PARTY,60 and over,Female
MAVIS MOKGADI MAHUMA,LIMPOPO,NEW VISION PARTY,60 and over,Female
MAHLODI SUZAN MANTHATA,LIMPOPO,NEW VISION PARTY,60 and over,Female
MANXWALO JANE MASEMOLA,LIMPOPO,NEW VISION PARTY,50 - 59,Female
MORETE EVELINE RAMASHALA,LIMPOPO,NEW VISION PARTY,60 and over,Female
MALESELA HARRY MARAKALLA,LIMPOPO,NEW VISION PARTY,40 - 49,Male
ISAAC MATSOBANE BOYA,LIMPOPO,NEW VISION PARTY,60 and over,Male
MABALA MOLLET PHOGOLE,LIMPOPO,NEW VISION PARTY,60 and over,Male
MAFEMANI THOMAS BALOYI,LIMPOPO,NEW VISION PARTY,60 and over,Male
KHAUKANANI MUTHUMUNI,LIMPOPO,NEW VISION PARTY,60 and over,Male
BERNARD RASIMPHI,LIMPOPO,NEW VISION PARTY,60 and over,Male
VICTORIA PHOLISI SELOLO,LIMPOPO,NEW VISION PARTY,60 and over,Female
NKGAPI MONICA MOGALE,LIMPOPO,NEW VISION PARTY,60 and over,Female
COLLEN BALOYI,LIMPOPO,NEW VISION PARTY,60 and over,Male
KATISHI JIMMY KOMANE,LIMPOPO,NEW VISION PARTY,60 and over,Male
MATSEBE HARRISON MABOTHA,LIMPOPO,NEW VISION PARTY,60 and over,Male
MMANOKO UNITY GENEVEEVE KGAFFE,NORTH WEST,NEW VISION PARTY,60 and over,Female
MALESELA MORRIS MOKOU,NORTH WEST,NEW VISION PARTY,60 and over,Male
CHAINEY ELIAS MAKGOATHANE,NORTH WEST,NEW VISION PARTY,50 - 59,Male
HIOPEGO MARIA LEOLA,NORTH WEST,NEW VISION PARTY,60 and over,Female
CAROLINE MATSHIDISO MOATSHE,NORTH WEST,NEW VISION PARTY,60 and over,Female
RAMADIMETJA SOPHY MARAKALALA,NORTH WEST,NEW VISION PARTY,60 and over,Female
MASAKANENG KHOMOTSO LEPHOTO,NORTH WEST,NEW VISION PARTY,60 and over,Female
MMULE EPHENIAH KGATLE,NORTH WEST,NEW VISION PARTY,50 - 59,Female
MOTEBEDI WILLIAM MASHAMAITE,NORTH WEST,NEW VISION PARTY,50 - 59,Male
NOMANGESI GLORIA NYAKAMBI,WESTERN CAPE,NEW VISION PARTY,60 and over,Female
PHATHISWA NCUKANA,WESTERN CAPE,NEW VISION PARTY,60 and over,Female
SEBENZILE SEMZINI JUSTICE MTULI,WESTERN CAPE,NEW VISION PARTY,60 and over,Male
MAVKIND VUKUZA GCINUMZI MTULI,WESTERN CAPE,NEW VISION PARTY,60 and over,Male
PRINCESS NOMONDE MDLOKOLO,WESTERN CAPE,NEW VISION PARTY,40 - 49,Female
RAISIBE DINA LANGA,WESTERN CAPE,NEW VISION PARTY,50 - 59,Female
RAESETJA NERIA MPHELA,WESTERN CAPE,NEW VISION PARTY,60 and over,Female
RAMEASELA MARY KEKANA,WESTERN CAPE,NEW VISION PARTY,40 - 49,Female
MOTLANALO CAROLINE MANAMELA,WESTERN CAPE,NEW VISION PARTY,60 and over,Female
MALESELA ANDRIES MEHLAPE,WESTERN CAPE,NEW VISION PARTY,60 and over,Male
PATEKILE ALBERT KALIPA,EASTERN CAPE,PAN AFRICANIST CONGRESS OF AZANIA,40 - 49,Male
MOEKETSI HENDREY MATSOBANE,FREE STATE,PAN AFRICANIST CONGRESS OF AZANIA,60 and over,Male
NTSIRI SHADRACK POOE,GAUTENG,PAN AFRICANIST CONGRESS OF AZANIA,60 and over,Male
DISENTE THOMAS RAMATSWI,GAUTENG,PAN AFRICANIST CONGRESS OF AZANIA,60 and over,Male
SIPHO JOHANNES SWELINKOMO,GAUTENG,PAN AFRICANIST CONGRESS OF AZANIA,60 and over,Male
NELSON FEZEKILE NTULO,KWAZULU-NATAL,PAN AFRICANIST CONGRESS OF AZANIA,60 and over,Male
SEROPANE SENYANE ALTON MPHETHI,MPUMALANGA,PAN AFRICANIST CONGRESS OF AZANIA,60 and over,Male
JABULANI AMOS MAOLELE,MPUMALANGA,PAN AFRICANIST CONGRESS OF AZANIA,60 and over,Male
JONGIKAYA GWE,NORTHERN CAPE,PAN AFRICANIST CONGRESS OF AZANIA,60 and over,Male
MAGEZI STEVEN MALULEKE,LIMPOPO,PAN AFRICANIST CONGRESS OF AZANIA,60 and over,Male
OMPHEMETSE KEVIN BAREKI,NORTH WEST,PAN AFRICANIST CONGRESS OF AZANIA,60 and over,Male
MIZUVUKILE SAMUEL SOMPETA,WESTERN CAPE,PAN AFRICANIST CONGRESS OF AZANIA,60 and over,Male
THOMAS NGWANE,WESTERN CAPE,PAN AFRICANIST CONGRESS OF AZANIA,50 - 59,Male
ZIMASA MATYUNJWA,EASTERN CAPE,PAN AFRICANIST MOVEMENT,60 and over,Male
NOMBULELO TABITA SOLUNDWANA,GAUTENG,PAN AFRICANIST MOVEMENT,40 - 49,Female
SEABATA AZAEL MAKUBO,KWAZULU-NATAL,PAN AFRICANIST MOVEMENT,60 and over,Male
THABO SAFRED MANAMELA,NORTH WEST,PAN AFRICANIST MOVEMENT,40 - 49,Male
MONWABISI MACTIGUE MAGADLA,WESTERN CAPE,PAN AFRICANIST MOVEMENT,60 and over,Male
SIBUSISO PETROS NZUZA,KWAZULU-NATAL,SOUTH AFRICAN DEMOCRATIC CONGRESS,60 and over,Male
MZWANDILE JAMES MDODANA,EASTERN CAPE,UNITED CHRISTIAN DEMOCRATIC PARTY,60 and over,Male
RABANNYE HERRY WILSON MELAMU,FREE STATE,UNITED CHRISTIAN DEMOCRATIC PARTY,40 - 49,Male
BENJAMIN JEREMIAH MASILO,GAUTENG,UNITED CHRISTIAN DEMOCRATIC PARTY,40 - 49,Male
TEBOGO EPHRAIM MOTLOUNG,GAUTENG,UNITED CHRISTIAN DEMOCRATIC PARTY,60 and over,Male
MESHACK LEBONE PHAGE,GAUTENG,UNITED CHRISTIAN DEMOCRATIC PARTY,50 - 59,Male
MMAPULE REBECCA MAATSANA,GAUTENG,UNITED CHRISTIAN DEMOCRATIC PARTY,40 - 49,Female
THABISO JONATHAN MOALUSI,KWAZULU-NATAL,UNITED CHRISTIAN DEMOCRATIC PARTY,50 - 59,Male
SUZAN NTOMBISIBILI DHLAMINI,MPUMALANGA,UNITED CHRISTIAN DEMOCRATIC PARTY,60 and over,Female
MODIRAPULA PATRICK MOKOMELE,NORTHERN CAPE,UNITED CHRISTIAN DEMOCRATIC PARTY,50 - 59,Male
MARIA LYDIA LETSOALO,LIMPOPO,UNITED CHRISTIAN DEMOCRATIC PARTY,50 - 59,Female
LANGANANI SAMUEL SIMALI,LIMPOPO,UNITED CHRISTIAN DEMOCRATIC PARTY,60 and over,Male
IPUSENG CELIA DITSHETELO,NORTH WEST,UNITED CHRISTIAN DEMOCRATIC PARTY,40 - 49,Female
ANTHONIA ANDRECIA LE HOE,WESTERN CAPE,UNITED CHRISTIAN DEMOCRATIC PARTY,60 and over,Female
BONGA MNGUPANE,WESTERN CAPE,UNITED CHRISTIAN DEMOCRATIC PARTY,60 and over,Male
LENNOX BOGEN GAEHLER,EASTERN CAPE,UNITED DEMOCRATIC MOVEMENT,50 - 59,Male
KHAYALETHU TATANI,EASTERN CAPE,UNITED DEMOCRATIC MOVEMENT,60 and over,Male
SIMON WELANI SAULE,FREE STATE,UNITED DEMOCRATIC MOVEMENT,60 and over,Male
JOSÄ FERNANDO BARRADAS,GAUTENG,UNITED DEMOCRATIC MOVEMENT,60 and over,Male
SIDNEY LAMYENI MAJIYEZI,GAUTENG,UNITED DEMOCRATIC MOVEMENT,50 - 59,Male
MUHAMMAD ISMAIL OMAR,KWAZULU-NATAL,UNITED DEMOCRATIC MOVEMENT,60 and over,Male
ZACARIA VUSI NGOMANE,MPUMALANGA,UNITED DEMOCRATIC MOVEMENT,60 and over,Male
ZOLISA LAVISA,NORTHERN CAPE,UNITED DEMOCRATIC MOVEMENT,40 - 49,Male
AVHASEI EDWARD RAMUDINGANE,LIMPOPO,UNITED DEMOCRATIC MOVEMENT,50 - 59,Male
STOFFEL RAPULA MOSEBO,NORTH WEST,UNITED DEMOCRATIC MOVEMENT,50 - 59,Male
DUMISANI LIVINGSTONE XIMBI,WESTERN CAPE,UNITED DEMOCRATIC MOVEMENT,60 and over,Male
MATOME JOEL MALATJI,LIMPOPO,UNITED INDEPENDENT FRONT,60 and over,Male
PILOT SKOFULA NKOSI,LIMPOPO,UNITED INDEPENDENT FRONT,60 and over,Male
NOMBASA BENEDICTA MHLATI,WESTERN CAPE,UNITED INDEPENDENT FRONT,60 and over,Female
PIETER MEY,EASTERN CAPE,VRYHEIDSFRONT PLUS,40 - 49,Male
CORNELIUS CASPARUS MEYER,EASTERN CAPE,VRYHEIDSFRONT PLUS,30 - 39,Male
WILLIAM FREDERICK EYRE,EASTERN CAPE,VRYHEIDSFRONT PLUS,40 - 49,Male
DIEDERIK FRANCOIS KRUGER,EASTERN CAPE,VRYHEIDSFRONT PLUS,40 - 49,Male
DAVID ROUX TRUTER,EASTERN CAPE,VRYHEIDSFRONT PLUS,50 - 59,Male
KRITZINGER MEY,EASTERN CAPE,VRYHEIDSFRONT PLUS,60 and over,Male
STEPHANUS TERBLANCHE,EASTERN CAPE,VRYHEIDSFRONT PLUS,50 - 59,Male
GERHARD LOTZ,EASTERN CAPE,VRYHEIDSFRONT PLUS,60 and over,Male
NEIL COLBORNE,EASTERN CAPE,VRYHEIDSFRONT PLUS,60 and over,Male
JOHANNES JURGENS KLEINHANS,EASTERN CAPE,VRYHEIDSFRONT PLUS,60 and over,Male
PETRUS JOHANNES JAKOBUS JONKER,EASTERN CAPE,VRYHEIDSFRONT PLUS,60 and over,Male
LOWINA CHRISTINA MATTHEUS,EASTERN CAPE,VRYHEIDSFRONT PLUS,40 - 49,Female
AMANDA KLEINHANS,EASTERN CAPE,VRYHEIDSFRONT PLUS,60 and over,Female
FRANCOIS KRUGER,EASTERN CAPE,VRYHEIDSFRONT PLUS,60 and over,Male
JOHANNES MARTHUNIS VAN NIEKERK,FREE STATE,VRYHEIDSFRONT PLUS,60 and over,Male
DANIEL JACOBUS BRINK,FREE STATE,VRYHEIDSFRONT PLUS,30 - 39,Male
PHILLIPPUS PETRUS VAN DER MERWE,FREE STATE,VRYHEIDSFRONT PLUS,40 - 49,Male
WOUTER WYNAND WESSELS,FREE STATE,VRYHEIDSFRONT PLUS,60 and over,Male
THEO DU TOIT,FREE STATE,VRYHEIDSFRONT PLUS,50 - 59,Male
ELIZABETH SNYMAN-VAN DEVENTER,FREE STATE,VRYHEIDSFRONT PLUS,60 and over,Female
JOHANNES DANIËL POWELL,FREE STATE,VRYHEIDSFRONT PLUS,50 - 59,Male
FREDERIK JACOBUS VAN HEERDEN,FREE STATE,VRYHEIDSFRONT PLUS,30 - 39,Male
BRENT JAN ALBERT COETZEE,FREE STATE,VRYHEIDSFRONT PLUS,60 and over,Male
GERT STEFANUS FOUCHE,FREE STATE,VRYHEIDSFRONT PLUS,40 - 49,Male
JACOB PIETER VAN DEN BERG,FREE STATE,VRYHEIDSFRONT PLUS,30 - 39,Male
JACOBUS HERCULES VAN NIEKERK,FREE STATE,VRYHEIDSFRONT PLUS,50 - 59,Male
ALMARI STRYDOM,FREE STATE,VRYHEIDSFRONT PLUS,60 and over,Female
ERNST LODEWIKUS MARAIS BOTES,FREE STATE,VRYHEIDSFRONT PLUS,30 - 39,Male
WILLIE DURAND SPIES,GAUTENG,VRYHEIDSFRONT PLUS,60 and over,Male
FREDERIK JACOBUS MULDER,GAUTENG,VRYHEIDSFRONT PLUS,60 and over,Male
CORNELIUS JACOBUS JANSEN VAN RENSBURG,GAUTENG,VRYHEIDSFRONT PLUS,60 and over,Male
ANTON DE WAAL ALBERTS,GAUTENG,VRYHEIDSFRONT PLUS,60 and over,Male
FREDERIK GERHARDUS WOLMARANS,GAUTENG,VRYHEIDSFRONT PLUS,30 - 39,Male
HENDRIENA MAGARETHA VAN DER MERWE,GAUTENG,VRYHEIDSFRONT PLUS,40 - 49,Female
LOUWRETTA MARYNA JACOBS,GAUTENG,VRYHEIDSFRONT PLUS,50 - 59,Female
FRANCO CAREL DE LANGE,GAUTENG,VRYHEIDSFRONT PLUS,60 and over,Male
MARCUS CHRISTIAAN PAWSON,GAUTENG,VRYHEIDSFRONT PLUS,60 and over,Male
ANSIE DU PLOOY,GAUTENG,VRYHEIDSFRONT PLUS,60 and over,Female
FREDERIK WILHELMUS VAN WYK,GAUTENG,VRYHEIDSFRONT PLUS,50 - 59,Male
GUILLAUME FRANCOIS NEL,GAUTENG,VRYHEIDSFRONT PLUS,30 - 39,Male
JAN HENDRIK JACOBUS VAN DEN BERGH,GAUTENG,VRYHEIDSFRONT PLUS,50 - 59,Male
MARIE ELIZABETH NELL,GAUTENG,VRYHEIDSFRONT PLUS,50 - 59,Female
JOHANNA CATHERINA SNYMAN,GAUTENG,VRYHEIDSFRONT PLUS,60 and over,Female
JOHAN VAN DRIMMELEN,GAUTENG,VRYHEIDSFRONT PLUS,40 - 49,Male
DAVID STEWART,GAUTENG,VRYHEIDSFRONT PLUS,50 - 59,Male
JAN ALBERTUS STEENKAMP,GAUTENG,VRYHEIDSFRONT PLUS,40 - 49,Male
ROELINE VENTER,GAUTENG,VRYHEIDSFRONT PLUS,60 and over,Female
CARL MAGNUS LÖNNGREN VENTER,KWAZULU-NATAL,VRYHEIDSFRONT PLUS,40 - 49,Male
ABRAM LE ROUX,KWAZULU-NATAL,VRYHEIDSFRONT PLUS,40 - 49,Male
CASPER FRANCOIS CALITZ,KWAZULU-NATAL,VRYHEIDSFRONT PLUS,60 and over,Male
HENDRIK GERHARDUS VAN DER LINDE,KWAZULU-NATAL,VRYHEIDSFRONT PLUS,60 and over,Male
MARTIN GIDEON RAUTENBACH,KWAZULU-NATAL,VRYHEIDSFRONT PLUS,50 - 59,Male
HENDRIK JOHANNES JACOB COETZEE,KWAZULU-NATAL,VRYHEIDSFRONT PLUS,50 - 59,Male
ANNA DIANE CORNELIA LE ROUX,KWAZULU-NATAL,VRYHEIDSFRONT PLUS,50 - 59,Female
ZETWEE HATTINGH,KWAZULU-NATAL,VRYHEIDSFRONT PLUS,60 and over,Male
JACQUELINE CALITZ,KWAZULU-NATAL,VRYHEIDSFRONT PLUS,60 and over,Female
MARTHINUS WESSEL PRETORIUS,KWAZULU-NATAL,VRYHEIDSFRONT PLUS,60 and over,Male
CORNELIA PETRONELLA VENTER,KWAZULU-NATAL,VRYHEIDSFRONT PLUS,50 - 59,Female
WERNER LUDOLF WEBER,MPUMALANGA,VRYHEIDSFRONT PLUS,40 - 49,Male
JOHAN DIETLOF AEGIDIUS BLIGNAUT,MPUMALANGA,VRYHEIDSFRONT PLUS,50 - 59,Male
BERNARD HARLEY,MPUMALANGA,VRYHEIDSFRONT PLUS,40 - 49,Male
DOROTHEA MARIA BLIGNAUT,MPUMALANGA,VRYHEIDSFRONT PLUS,50 - 59,Female
JOHANN FRIEDRICH WEBER,MPUMALANGA,VRYHEIDSFRONT PLUS,60 and over,Male
MARIA JACOMINA CATHARINA KRUGER,MPUMALANGA,VRYHEIDSFRONT PLUS,50 - 59,Female
DIEDERIK JOHANNES DAVEL,MPUMALANGA,VRYHEIDSFRONT PLUS,50 - 59,Male
HEIDI GUDRUN WEBER,MPUMALANGA,VRYHEIDSFRONT PLUS,60 and over,Female
WILLEM PETRUS BOSHOFF,MPUMALANGA,VRYHEIDSFRONT PLUS,40 - 49,Male
STEPHAN HARLEY,MPUMALANGA,VRYHEIDSFRONT PLUS,40 - 49,Male
JOHANNES THEODORUS POTGIETER,MPUMALANGA,VRYHEIDSFRONT PLUS,40 - 49,Male
ALAN ERIC CAWOOD,MPUMALANGA,VRYHEIDSFRONT PLUS,60 and over,Male
CAREL WILLEM HENDRIK BOSHOFF,NORTHERN CAPE,VRYHEIDSFRONT PLUS,60 and over,Male
HESTER MARGARETHA DU PLESSIS,NORTHERN CAPE,VRYHEIDSFRONT PLUS,60 and over,Female
WILLIAM JAMES MARKRAM,NORTHERN CAPE,VRYHEIDSFRONT PLUS,40 - 49,Male
ARTHUR LLEWELLYN ISTED NAUDÉ,NORTHERN CAPE,VRYHEIDSFRONT PLUS,40 - 49,Male
JOHANNES GERHARDUS STANDER,NORTHERN CAPE,VRYHEIDSFRONT PLUS,40 - 49,Male
JOHANNES URBANUS VAN DER WALT,NORTHERN CAPE,VRYHEIDSFRONT PLUS,50 - 59,Male
WILLEM JACOBUS SNYMAN,LIMPOPO,VRYHEIDSFRONT PLUS,30 - 39,Male
LOUIS GUSTAVUS TRICHARDT,LIMPOPO,VRYHEIDSFRONT PLUS,30 - 39,Male
MATTHEUS JOHANNES WILLEMSE,LIMPOPO,VRYHEIDSFRONT PLUS,40 - 49,Male
JOHANNES GERT HEYMAN,LIMPOPO,VRYHEIDSFRONT PLUS,40 - 49,Male
LIZA NEL,LIMPOPO,VRYHEIDSFRONT PLUS,60 and over,Female
JOHANNES VREUGDENBURG,LIMPOPO,VRYHEIDSFRONT PLUS,30 - 39,Male
CHRISTIAAN TOERIEN,LIMPOPO,VRYHEIDSFRONT PLUS,60 and over,Male
MAGRIETHA JOHANNA SNYMAN,LIMPOPO,VRYHEIDSFRONT PLUS,40 - 49,Female
PIETER JACOBUS LONGLAND,LIMPOPO,VRYHEIDSFRONT PLUS,50 - 59,Male
FLORENCE ETHEL LONGLAND,LIMPOPO,VRYHEIDSFRONT PLUS,50 - 59,Female
PETRUS JOHANNES GROENEWALD,NORTH WEST,VRYHEIDSFRONT PLUS,50 - 59,Male
ANDREW GERBER,NORTH WEST,VRYHEIDSFRONT PLUS,40 - 49,Male
JOHANNES FRANCOIS SCHUTTE,NORTH WEST,VRYHEIDSFRONT PLUS,40 - 49,Male
RYKHAARD VAN JAARSVELD,NORTH WEST,VRYHEIDSFRONT PLUS,40 - 49,Male
SAREL FREDERICK BOTES,NORTH WEST,VRYHEIDSFRONT PLUS,less than 30,Male
JOHANNES GEYSBERTUS ROOS BORNMAN,NORTH WEST,VRYHEIDSFRONT PLUS,40 - 49,Male
IGNATIUS MICHAEL GROENEWALD,NORTH WEST,VRYHEIDSFRONT PLUS,60 and over,Male
REYNIER JOHANNES ROSSOUW,NORTH WEST,VRYHEIDSFRONT PLUS,60 and over,Male
JOHANN CHRISTIAAN BOSHOFF,NORTH WEST,VRYHEIDSFRONT PLUS,50 - 59,Male
PAUL ROUX WENTZEL,NORTH WEST,VRYHEIDSFRONT PLUS,40 - 49,Male
CORNELIUS PETRUS MULDER,WESTERN CAPE,VRYHEIDSFRONT PLUS,50 - 59,Male
JACOB DIEDERIK SMIT,WESTERN CAPE,VRYHEIDSFRONT PLUS,40 - 49,Male
RONALD BRAND,WESTERN CAPE,VRYHEIDSFRONT PLUS,50 - 59,Male
HENDRIK GERHARDUS PISTORIUS,WESTERN CAPE,VRYHEIDSFRONT PLUS,50 - 59,Male
RUDI VENTER,WESTERN CAPE,VRYHEIDSFRONT PLUS,50 - 59,Male
MORNÉ VAN DER MERWE,WESTERN CAPE,VRYHEIDSFRONT PLUS,60 and over,Male
JOHANNES VENTER,WESTERN CAPE,VRYHEIDSFRONT PLUS,30 - 39,Male
SARAH EDITH RUSSELL COLLINS,GAUTENG,WOMEN FORWARD,60 and over,Female
EDZISANI REGUEL MULAUDZI,GAUTENG,WOMEN FORWARD,60 and over,Male
JEANETTE THABISENG RADEBE,GAUTENG,WOMEN FORWARD,60 and over,Female
LINDIWE NANA NGOBESE,KWAZULU-NATAL,WOMEN FORWARD,60 and over,Female
SIBONGILE ISABEL SHEZI,KWAZULU-NATAL,WOMEN FORWARD,60 and over,Female
TSHIFHIWA CONSTANCE NANGAMMBI,LIMPOPO,WOMEN FORWARD,60 and over,Female
RUDZANI EMELY MADZAGADZAGA,LIMPOPO,WOMEN FORWARD,60 and over,Female
ANTHONY PENDERIS,National,A PARTY,50 - 59,Male
JEREMIAH KEKANA,National,A PARTY,60 and over,Male
THEMBINKOSI MASINGA,National,A PARTY,60 and over,Male
MARIA LOUISA CARTER,National,A PARTY,40 - 49,Female
MZWANELE ZULU,National,A PARTY,60 and over,Male
TSHIFHIWA SAMUEL MAKHALE,National,A PARTY,50 - 59,Male
GERT PETRUS ALBERTUS BOOYSEN,National,A PARTY,50 - 59,Male
SHARON PATRICIA PENDERIS,National,A PARTY,50 - 59,Female
EMILE LOUW JOUBERT,National,A PARTY,60 and over,Male
ALMA DU PLESSIS,National,A PARTY,60 and over,Female
NAOMI HENRIETTA MALGAS,National,A PARTY,60 and over,Female
MASILONYONE PAULUS PAKATITA,National,A PARTY,40 - 49,Male
BAWINILE WINNIE CHAVUMA,National,A PARTY,60 and over,Female
ALEYMARIA MALEFU MAQENA-POTSANE,National,A PARTY,50 - 59,Female
WILLIAM MBAZIMA MAPALWENI,National,A PARTY,60 and over,Male
LYDIA MOKOENA,National,A PARTY,60 and over,Female
MAPITLE SAMUEL MHLANGA,National,A PARTY,50 - 59,Male
MANONI MONYAI,National,A PARTY,40 - 49,Female
BETTY SELLO,National,A PARTY,30 - 39,Female
AGNES CHAUKE,National,A PARTY,60 and over,Female
TSHIMANGADZO ISAAC MAKHALE,National,A PARTY,60 and over,Male
LESIBA TIGH LEBELO,National,A PARTY,60 and over,Male
STANLEY VAN DER BERG,National,A PARTY,50 - 59,Male
ROSELINE NKOSI,National,A PARTY,40 - 49,Female
MARGARET ANN MCGREGOR GIARDINI,National,A PARTY,50 - 59,Female
MUDZUNGA MULALO MAFADZA,National,A PARTY,60 and over,Female
TSHILIDZI GRACE KHARIBE,National,A PARTY,60 and over,Female
MASHUDU SYLVIA MADZUHE,National,A PARTY,60 and over,Female
AZWINNDINI PATRICK NEVHUFUMBA,National,A PARTY,60 and over,Male
AVHAPFANI STANLEY RATSHILUMELA,National,A PARTY,60 and over,Male
SIMPHIWE KAGISO XOLANI SEGAETSHO,National,A PARTY,60 and over,Male
NIMROD MAZIZI FIGLAN,National,A PARTY,60 and over,Male
AVHASEI DORAH MUNZHELELE,National,A PARTY,60 and over,Female
THANYANI TSHIVHASE,National,A PARTY,60 and over,Female
MLUNGISI DANIEL TSEDU,National,A PARTY,50 - 59,Male
CHARLES WINSTON BOYLES,National,A PARTY,60 and over,Male
LAWSON DOUGLAS CRAVEN,National,A PARTY,50 - 59,Male
THERESA ANN BOYLES,National,A PARTY,50 - 59,Female
SIDNEY MNCEDISI MBALO,National,A PARTY,60 and over,Male
LUTANDO NDABAMBI,National,A PARTY,60 and over,Male
NOMPUMELELO POTWANA,National,A PARTY,60 and over,Female
GLORY MUTUVHIWA MADZUHE,National,A PARTY,60 and over,Female
MUOFHE JEANETH MUKWEVHO,National,A PARTY,60 and over,Female
AZWIHANGWISI MARCIA NEMARANZHE,National,A PARTY,60 and over,Female
MAANDA MICHAEL MATHOHO,National,A PARTY,60 and over,Male
CLIFFORD ADVICE MKHONTO,National,A PARTY,60 and over,Male
NTHAMBELENI MAVIS MAKHWATHANI,National,A PARTY,50 - 59,Female
BETTY RANDIMA,National,A PARTY,60 and over,Female
RUDZANI GOGORO,National,A PARTY,60 and over,Female
LIVHUWANI JEREMIAH MUKWEVHO,National,A PARTY,60 and over,Male
AVHASHONI JEFFREY MAKHWATHANE,National,A PARTY,60 and over,Male
AZWIHANGWISI GLADYS RATSHILUMELA,National,A PARTY,50 - 59,Female
MAKONDELELE KENNETH THEMELI,National,A PARTY,60 and over,Male
NDILENI EDWIN RATSHILUMELA,National,A PARTY,50 - 59,Male
NKHUMELELNI AGNES MUDUBU,National,A PARTY,60 and over,Female
TSHILILO GEORGE RAMMETHELI,National,A PARTY,50 - 59,Male
THEMELI JOHN SINGO,National,A PARTY,50 - 59,Male
KANAKANA SALPHINA NEMARANZHE,National,A PARTY,60 and over,Female
MMBOSWOBENI SALTHIEL MATAMELA,National,A PARTY,60 and over,Male
KENNETH RASELABE JOSEPH MESHOE,National,AFRICAN CHRISTIAN DEMOCRATIC PARTY,50 - 59,Male
RENEN VAN NIEKERK,National,AFRICAN CHRISTIAN DEMOCRATIC PARTY,50 - 59,Male
BUSISIWE HELEN BALOYI,National,AFRICAN CHRISTIAN DEMOCRATIC PARTY,50 - 59,Female
CHARLES MATSOBANE GOLOLO,National,AFRICAN CHRISTIAN DEMOCRATIC PARTY,50 - 59,Male
TANKISO JOHANNES VILAKAZI,National,AFRICAN CHRISTIAN DEMOCRATIC PARTY,60 and over,Male
DAVID LLEWELLYN FRITZ,National,AFRICAN CHRISTIAN DEMOCRATIC PARTY,60 and over,Male
MMATSHOENE SOLOMON MABOYA,National,AFRICAN CHRISTIAN DEMOCRATIC PARTY,60 and over,Male
MOLATLHEGI REUBEN SENOKWANE,National,AFRICAN CHRISTIAN DEMOCRATIC PARTY,60 and over,Male
SELLO PETRUS LEFINE,National,AFRICAN CHRISTIAN DEMOCRATIC PARTY,60 and over,Male
MARIAH LEMPE,National,AFRICAN CHRISTIAN DEMOCRATIC PARTY,60 and over,Female
CHARL FRANCOIS VAN WYK,National,AFRICAN CHRISTIAN DEMOCRATIC PARTY,40 - 49,Male
TILA ELIZABETH MAGANYANE,National,AFRICAN CHRISTIAN DEMOCRATIC PARTY,50 - 59,Female
PHUTI PIET CHOSHI,National,AFRICAN CHRISTIAN DEMOCRATIC PARTY,60 and over,Male
BAITSENG LILLIAN NTEMBE,National,AFRICAN CHRISTIAN DEMOCRATIC PARTY,60 and over,Female
GWENDOLINE ROCHELLE NEL,National,AFRICAN CHRISTIAN DEMOCRATIC PARTY,60 and over,Female
RAYMOND XAZANA,National,AFRICAN CHRISTIAN DEMOCRATIC PARTY,60 and over,Male
JACOB GEDLEYIHLEKISA ZUMA,National,AFRICAN NATIONAL CONGRESS,40 - 49,Male
NOZIZWE CHARLOTTE ROUTLEDGE,National,AFRICAN NATIONAL CONGRESS,50 - 59,Female
ENOCH GODONGWANA,National,AFRICAN NATIONAL CONGRESS,50 - 59,Male
SUSAN COMBER VAN DER MERWE,National,AFRICAN NATIONAL CONGRESS,50 - 59,Female
MATHUME JOSEPH PHAAHLA,National,AFRICAN NATIONAL CONGRESS,50 - 59,Male
MILDRED NELISIWE OLIPHANT,National,AFRICAN NATIONAL CONGRESS,50 - 59,Female
THEMBELANI WALTERMADE NXESI,National,AFRICAN NATIONAL CONGRESS,50 - 59,Male
MMAMOLOKO TRYPHOSA KUBAYI,National,AFRICAN NATIONAL CONGRESS,60 and over,Female
SIVAPRAGAS MARIMUTHU PILLAY,National,AFRICAN NATIONAL CONGRESS,50 - 59,Male
GERTROEDH SAAL,National,AFRICAN NATIONAL CONGRESS,60 and over,Female
SIYABONGA CYPRIAN CWELE,National,AFRICAN NATIONAL CONGRESS,50 - 59,Male
ALEXIA ZINTLE NDLAZI,National,AFRICAN NATIONAL CONGRESS,50 - 59,Female
FEZILE BHENGU,National,AFRICAN NATIONAL CONGRESS,50 - 59,Male
LINDIWE CHRISTABOLA BEBEE,National,AFRICAN NATIONAL CONGRESS,50 - 59,Female
SABHINA ALETTA MANZINI,National,AFRICAN NATIONAL CONGRESS,60 and over,Female
JOEL MBHAZIMA SIBIYA,National,AFRICAN NATIONAL CONGRESS,50 - 59,Male
NELSON THEMBA GODI,National,AFRICAN PEOPLE'S CONVENTION,60 and over,Male
MOLOKO MICHAEL MPOLOBOSHO,National,AFRICAN PEOPLE'S CONVENTION,60 and over,Male
LUCKY HENDRICK DLAMINI,National,AFRICAN PEOPLE'S CONVENTION,60 and over,Male
MUDADZHO WILLIE TSHIDADA,National,AFRICAN PEOPLE'S CONVENTION,60 and over,Male
TANDUXOLO MBASA,National,AFRICAN PEOPLE'S CONVENTION,60 and over,Male
SIYABULELA MATEZA,National,AFRICAN PEOPLE'S CONVENTION,60 and over,Male
BONISIWE PRISCAH SIKHAKHANE,National,AFRICAN PEOPLE'S CONVENTION,60 and over,Female
MAMPSHE JACKSON SEKATIKE,National,AFRICAN PEOPLE'S CONVENTION,50 - 59,Male
MOGAMAD GANIEF EBRAHIM HENDRICKS,National,AL JAMA-AH,40 - 49,Male
ABDUL GAMIET FLACKS,National,AL JAMA-AH,40 - 49,Male
ABDURAGIEM ABDEROEF,National,AL JAMA-AH,50 - 59,Male
MOGAMAT BEDFORD,National,AL JAMA-AH,30 - 39,Male
ABDUL KARRIEM BEDFORD,National,AL JAMA-AH,60 and over,Male
BIENIEYAMIEN ALEXANDER,National,AL JAMA-AH,40 - 49,Male
SULAIMAN ADAMS,National,AL JAMA-AH,40 - 49,Male
FIONA KHAN,National,AL JAMA-AH,60 and over,Female
RADIFAI ENOS MODISANE,National,AL JAMA-AH,50 - 59,Male
THEMBA JOSEPH SONO,National,ALLIANCE OF FREE DEMOCRATS,40 - 49,Male
MOSIBUDI AARON MANGENA,National,AZANIAN PEOPLE'S ORGANISATION,40 - 49,Male
WINSOME NEFOLOVHODWE,National,AZANIAN PEOPLE'S ORGANISATION,60 and over,Female
MONELO GEORGE BONGO,National,AZANIAN PEOPLE'S ORGANISATION,40 - 49,Male
RONALD MTHUTHUZELI MAKHASI,National,AZANIAN PEOPLE'S ORGANISATION,60 and over,Male
KENALEMANG ANNA MOTHOBI,National,AZANIAN PEOPLE'S ORGANISATION,60 and over,Female
PITSI MATHEWS MALOBA,National,AZANIAN PEOPLE'S ORGANISATION,60 and over,Male
ZANEWONGA MOSES BEDENI,National,AZANIAN PEOPLE'S ORGANISATION,60 and over,Male
CHUENE EDWARD MASHALANE,National,AZANIAN PEOPLE'S ORGANISATION,40 - 49,Male
CLEMENTINE MAKHOSAZANA SITHOLE,National,AZANIAN PEOPLE'S ORGANISATION,60 and over,Female
VIRGINIA CONSTANCE ZIBUYILE KHUMALO,National,AZANIAN PEOPLE'S ORGANISATION,40 - 49,Female
KEVIN GRAHAM SOUTHGATE,National,CHRISTIAN DEMOCRATIC ALLIANCE,50 - 59,Male
CHARLES CECIL JACOBS,National,CHRISTIAN DEMOCRATIC ALLIANCE,40 - 49,Male
STANLEY LE FLEUR,National,CHRISTIAN DEMOCRATIC ALLIANCE,60 and over,Male
CLIVE SAMUELS,National,CHRISTIAN DEMOCRATIC ALLIANCE,60 and over,Male
RUNESIA ANTHEA HENDRICKS,National,CHRISTIAN DEMOCRATIC ALLIANCE,60 and over,Female
CHRISTY MARTIN JACOBS,National,CHRISTIAN DEMOCRATIC ALLIANCE,50 - 59,Male
JACO DIEDERIKS,National,CHRISTIAN DEMOCRATIC ALLIANCE,60 and over,Male
MORGAN STANFORD DENNISON,National,CHRISTIAN DEMOCRATIC ALLIANCE,60 and over,Male
NOMVELO MNCINITO,National,CHRISTIAN DEMOCRATIC ALLIANCE,60 and over,Female
GRANVILLE FRANKLIN SMITH,National,CHRISTIAN DEMOCRATIC ALLIANCE,60 and over,Male
JANINE BRINTON,National,CHRISTIAN DEMOCRATIC ALLIANCE,60 and over,Female
AVERIL MARY RESNEKOV,National,CHRISTIAN DEMOCRATIC ALLIANCE,60 and over,Female
GERT JOHANNES VAN NIEKERK,National,CHRISTIAN DEMOCRATIC ALLIANCE,less than 30,Male
HAMILTON MVUMELWANO DANDALA,National,CONGRESS OF THE PEOPLE,50 - 59,Male
LEKOBA JACK TOLO,National,CONGRESS OF THE PEOPLE,40 - 49,Male
PATRICIA SIKHWIVHILU,National,CONGRESS OF THE PEOPLE,60 and over,Female
PETRUS JACOBUS MARAIS,National,CONGRESS OF THE PEOPLE,40 - 49,Male
LIEVIE KEAN SHARPLEY,National,CONGRESS OF THE PEOPLE,40 - 49,Male
SHIRLEY MMATONKO MALAKANE,National,CONGRESS OF THE PEOPLE,50 - 59,Female
WAYNE ANDRE POSTHUMUS,National,CONGRESS OF THE PEOPLE,50 - 59,Male
MZWANDILE NELSON BULA,National,CONGRESS OF THE PEOPLE,50 - 59,Male
HLENGIWE OCTAVIA MAXON,National,CONGRESS OF THE PEOPLE,60 and over,Female
DINTOE PETRUS TAUNYANE,National,CONGRESS OF THE PEOPLE,50 - 59,Male
JOSHUA JAY MAISTRY,National,CONGRESS OF THE PEOPLE,60 and over,Male
MPHALELWA SHADRACK MOKHABUKHI,National,CONGRESS OF THE PEOPLE,60 and over,Male
THELMA FIKILE PHOKOANE,National,CONGRESS OF THE PEOPLE,60 and over,Female
MASEFATSA BERNICE SEADE,National,CONGRESS OF THE PEOPLE,60 and over,Female
GEORGE MZWAKHEFANA SITHOLE,National,CONGRESS OF THE PEOPLE,40 - 49,Male
TEBI DAVID KHOABANE,National,CONGRESS OF THE PEOPLE,60 and over,Male
VINESH BHARATH CHUTURGOON,National,GREAT KONGRESS OF SOUTH AFRICA,60 and over,Male
MOTLALEPULE FRANCINAH SHOMANG,National,GREAT KONGRESS OF SOUTH AFRICA,60 and over,Female
DIANNE GANESS,National,GREAT KONGRESS OF SOUTH AFRICA,60 and over,Female
PATRICIA DE LILLE,National,INDEPENDENT DEMOCRATS,50 - 59,Female
SOLANI PHANUEL GUDLHUZA,National,INDEPENDENT DEMOCRATS,50 - 59,Male
URSULA CORNELIA SWARTZ-NIEUWOUDT,National,INDEPENDENT DEMOCRATS,50 - 59,Female
AUBREY CLIVE SEDEMAN,National,INDEPENDENT DEMOCRATS,50 - 59,Male
NONTSIZI EUGINIA PLAATJIE,National,INDEPENDENT DEMOCRATS,60 and over,Female
KAGISO NORMAN GAOBOSIWE,National,INDEPENDENT DEMOCRATS,60 and over,Male
UNITY CHARITY MASHIGO,National,INDEPENDENT DEMOCRATS,60 and over,Female
JAYANTH SUKRAJ,National,INDEPENDENT DEMOCRATS,60 and over,Male
UNUS JOOSUB,National,INDEPENDENT DEMOCRATS,40 - 49,Male
ANNACLETA MAMPOLAI MOKGELEDI,National,INDEPENDENT DEMOCRATS,60 and over,Female
RAPHEAL RALPH VAN DEN HEEVER,National,INDEPENDENT DEMOCRATS,60 and over,Male
NTESENG ATHELIA MAKOFANE,National,INDEPENDENT DEMOCRATS,60 and over,Female
AZWINNDINI MERIAM MUSHANEKI,National,INDEPENDENT DEMOCRATS,50 - 59,Female
ABDURAGIEM STERRIS,National,INDEPENDENT DEMOCRATS,50 - 59,Male
MUKHETHONI DANIEL MATSA,National,INDEPENDENT DEMOCRATS,60 and over,Male
BOIKHUTSO MARCUS RAKATANE,National,INDEPENDENT DEMOCRATS,60 and over,Male
MANGOSUTHU GATSHA BUTHELEZI,National,INKATHA FREEDOM PARTY,less than 30,Male
CHRISTIAN THEMBA MSIMANG,National,INKATHA FREEDOM PARTY,40 - 49,Male
MOLEEANE BEN SKOSANA,National,INKATHA FREEDOM PARTY,40 - 49,Male
MANGAQA ALBERT MNCWANGO,National,INKATHA FREEDOM PARTY,50 - 59,Male
MARIO GASPARE ORIANI-AMBROSINI,National,INKATHA FREEDOM PARTY,60 and over,Male
SEENG PATRICIA NTANZI,National,INKATHA FREEDOM PARTY,60 and over,Female
CONSTANCE NTOMBIKAYISE ZIKALALA,National,INKATHA FREEDOM PARTY,30 - 39,Female
NONGOLOZA AMOS MASINA,National,INKATHA FREEDOM PARTY,40 - 49,Male
GCOBANI KALA,National,INKATHA FREEDOM PARTY,60 and over,Male
SIKA LUCAS MOLOI,National,INKATHA FREEDOM PARTY,60 and over,Male
SYBIL ANNE SEATON,National,INKATHA FREEDOM PARTY,40 - 49,Female
RUTH RABINOWITZ,National,INKATHA FREEDOM PARTY,40 - 49,Female
MDUDUZI ENOCK MASONDO,National,INKATHA FREEDOM PARTY,50 - 59,Male
PHILANI JABULANI BUTHELEZI,National,INKATHA FREEDOM PARTY,60 and over,Male
SIBUSISO LUCKY GUMBI,National,INKATHA FREEDOM PARTY,50 - 59,Male
MSHIYENI FRED MBELE,National,INKATHA FREEDOM PARTY,30 - 39,Male
MARIA TSHABALALA,National,INKATHA FREEDOM PARTY,60 and over,Female
MZONJANI MAXWELL SITHOLE,National,INKATHA FREEDOM PARTY,60 and over,Male
MONDLI SIYABONGA JELE,National,INKATHA FREEDOM PARTY,60 and over,Male
SIPHO ALPHEUS HADEBE,National,INKATHA FREEDOM PARTY,60 and over,Male
BHEKAMINA SAMUEL GUMBI,National,INKATHA FREEDOM PARTY,60 and over,Male
MALETSEMA PAULINA SITHOLE,National,INKATHA FREEDOM PARTY,60 and over,Female
MSHIYELENI WILSON NDWANDWE,National,INKATHA FREEDOM PARTY,60 and over,Male
MSOLINI MUSAWENKOSI ZUBANE,National,INKATHA FREEDOM PARTY,40 - 49,Male
MABALANA WILLIAS SIBUYANA,National,INKATHA FREEDOM PARTY,30 - 39,Male
BONGANI LEONARD MWELI,National,INKATHA FREEDOM PARTY,60 and over,Male
ZITHA PIET BUTHELEZI,National,INKATHA FREEDOM PARTY,60 and over,Male
AMICHAND RAJBANSI,National,MINORITY FRONT,40 - 49,Male
ROYITH BALOO BHOOLA,National,MINORITY FRONT,60 and over,Male
SHAMEEN THAKUR-RAJBANSI,National,MINORITY FRONT,60 and over,Female
PATRICK PILLAY,National,MINORITY FRONT,60 and over,Male
ISMAIL CASSIMJEE,National,MINORITY FRONT,60 and over,Male
AISHWAIN GOPAUL NAIR,National,MINORITY FRONT,60 and over,Male
VIMMI RAMDAAS BACHU,National,MINORITY FRONT,60 and over,Female
PRAGASAN PADAYACHEE,National,MINORITY FRONT,60 and over,Male
BANPARKASH GIRDHARI,National,MINORITY FRONT,40 - 49,Male
ZANELE LADYFAIR GUMEDE,National,MINORITY FRONT,60 and over,Female
SENPRABHA STEFANIDIS,National,MINORITY FRONT,40 - 49,Female
KUMARI PADAYACHEE,National,MINORITY FRONT,60 and over,Female
ANITHA RAMFOL,National,MINORITY FRONT,50 - 59,Female
ANSUYAHDEVI MOODLEY,National,MINORITY FRONT,60 and over,Female
SUNKLAVATHY RAJBALLY,National,MINORITY FRONT,30 - 39,Female
GANGRAJ CHETTY,National,MINORITY FRONT,50 - 59,Male
RAMACHANDRAN RAMSAMY NAIDOO,National,MINORITY FRONT,60 and over,Male
KHAYELIHLE JEREMIAH MYENDE,National,MINORITY FRONT,50 - 59,Male
MARIAM GOVENDER,National,MINORITY FRONT,60 and over,Female
RADHIA BEE SINGH,National,MINORITY FRONT,50 - 59,Female
THULKANNA PALAN,National,MINORITY FRONT,30 - 39,Male
SHANE HANSRAJ,National,MINORITY FRONT,60 and over,Male
DAVANAND SINGH,National,MINORITY FRONT,50 - 59,Male
SHRITHA BHOOLA,National,MINORITY FRONT,60 and over,Female
PATRICIA KHOMO,National,MINORITY FRONT,60 and over,Female
ANANDAN NAIDOO,National,MINORITY FRONT,50 - 59,Male
SOONILALL KALICHARAN,National,MINORITY FRONT,60 and over,Male
VANESHREE GOVENDER,National,MINORITY FRONT,60 and over,Female
NUNKUMAR RAJARAM,National,MINORITY FRONT,30 - 39,Male
MADHANLALL DASARATH,National,MINORITY FRONT,50 - 59,Male
JACOBUS TAPEDI MASEKA,National,MOVEMENT DEMOCRATIC PARTY,40 - 49,Male
RONALD RAMAJA MADIBA,National,MOVEMENT DEMOCRATIC PARTY,60 and over,Male
ASSAH MBATHA,National,NATIONAL DEMOCRATIC CONVENTION,50 - 59,Male
VUSI PETROS NSIBANDE,National,NATIONAL DEMOCRATIC CONVENTION,60 and over,Male
MALUSI ISAAC KEKANA,National,NEW VISION PARTY,50 - 59,Male
MADIMETJA JOSEPH LEFAKGOMO,National,NEW VISION PARTY,60 and over,Male
VUYANI ELLIOT MZAZA,National,NEW VISION PARTY,60 and over,Male
METSE ALPHEUS MAUPI,National,NEW VISION PARTY,60 and over,Male
KWEZI MATIKINCA,National,NEW VISION PARTY,60 and over,Male
MAEPA DAPHNEY MODIKOA,National,NEW VISION PARTY,60 and over,Female
NOMTWABELA CELIA NCUBUKA,National,NEW VISION PARTY,40 - 49,Female
MALESELA MORRIS MOKOU,National,NEW VISION PARTY,60 and over,Male
MOGAPI JERRY MNISI,National,NEW VISION PARTY,60 and over,Male
BAHLAKOTJE SELINA PHOKANE,National,NEW VISION PARTY,60 and over,Female
MATLABANE SAMSON MAKWANE,National,NEW VISION PARTY,60 and over,Male
NKGAPE DORCUS RATSOMA,National,NEW VISION PARTY,60 and over,Female
THOKO SEKE MALAPANE,National,NEW VISION PARTY,60 and over,Female
MODJADJI MELIDAH LETSOALO,National,NEW VISION PARTY,60 and over,Female
MOKGADI ROSINAH MMOLAI,National,NEW VISION PARTY,60 and over,Female
GWENDOLINE NGOAKWANA MOJODO,National,NEW VISION PARTY,60 and over,Female
MAHLATSI CLEMENT SEKUBA,National,NEW VISION PARTY,60 and over,Male
MMAKWENA LISBETH SEEMA,National,NEW VISION PARTY,60 and over,Female
PHEAHE NELSON SETJIE,National,NEW VISION PARTY,60 and over,Male
KHOMOTSO JOSEPHINA MARIBENG,National,NEW VISION PARTY,60 and over,Female
MAITE GLADYS MANOKWANA,National,NEW VISION PARTY,60 and over,Female
TLAKALE GLORIA SEKHUKHUNE,National,NEW VISION PARTY,60 and over,Female
AGOS MMUSHI MATHIBELA,National,NEW VISION PARTY,60 and over,Male
LIPIS MOIMA,National,NEW VISION PARTY,60 and over,Male
MORWANGOATO HARRY MAKOLA,National,NEW VISION PARTY,60 and over,Male
MASHILWANE ALPHEUS MAISELA,National,NEW VISION PARTY,50 - 59,Male
MASHUDU SYLVIA MABADAHANI,National,NEW VISION PARTY,60 and over,Female
MBHAZIMA ELIAS CHAVALALA,National,NEW VISION PARTY,60 and over,Male
NKHENSANI SARAH NKANYANI,National,NEW VISION PARTY,60 and over,Female
MAPHUTI DOREEN GATJANE,National,NEW VISION PARTY,60 and over,Female
MATLOU THOMAS MOLEBO,National,NEW VISION PARTY,60 and over,Male
LETLAPA MOROATSHOGE MPHAHLELE,National,PAN AFRICANIST CONGRESS OF AZANIA,60 and over,Male
WATERS TOBOTI,National,PAN AFRICANIST CONGRESS OF AZANIA,30 - 39,Male
NTSIRI SHADRACK POOE,National,PAN AFRICANIST CONGRESS OF AZANIA,60 and over,Male
TEBELLO JOSEPH MOFOKENG,National,PAN AFRICANIST CONGRESS OF AZANIA,60 and over,Male
LEHUTO LUCAS MOTHIBE,National,PAN AFRICANIST CONGRESS OF AZANIA,60 and over,Male
STEPHEN PLAATJIE,National,PAN AFRICANIST MOVEMENT,60 and over,Male
OWEN KHATHAZILE,National,PAN AFRICANIST MOVEMENT,60 and over,Male
ZIBA BONGINKOSI JIYANE,National,SOUTH AFRICAN DEMOCRATIC CONGRESS,50 - 59,Male
LUCAS MANYANE MANGOPE,National,UNITED CHRISTIAN DEMOCRATIC PARTY,less than 30,Male
MASELELWANE MARGARET SEKETE-MATOKONYANE,National,UNITED CHRISTIAN DEMOCRATIC PARTY,50 - 59,Female
JANTJIE OLEHILE MOENG,National,UNITED CHRISTIAN DEMOCRATIC PARTY,60 and over,Male
MATHENTHANE CARL MOGOTSI,National,UNITED CHRISTIAN DEMOCRATIC PARTY,30 - 39,Male
MOKETE CROSS SHOPO,National,UNITED CHRISTIAN DEMOCRATIC PARTY,60 and over,Male
KEAGILE ELIZABETH VANWIELIGH,National,UNITED CHRISTIAN DEMOCRATIC PARTY,40 - 49,Female
MOKONE LYDIA MOLEHE,National,UNITED CHRISTIAN DEMOCRATIC PARTY,60 and over,Female
ENNIA PITSO,National,UNITED CHRISTIAN DEMOCRATIC PARTY,60 and over,Female
SUZAN NTOMBISIBILI DHLAMINI,National,UNITED CHRISTIAN DEMOCRATIC PARTY,60 and over,Female
NTUBOY SOLOMON MOTONA,National,UNITED CHRISTIAN DEMOCRATIC PARTY,40 - 49,Male
MARIA LYDIA LETSOALO,National,UNITED CHRISTIAN DEMOCRATIC PARTY,50 - 59,Female
DADDY RAMA RAMJEE,National,UNITED CHRISTIAN DEMOCRATIC PARTY,50 - 59,Male
ROBERT KARABO SETLALEKGOSI,National,UNITED CHRISTIAN DEMOCRATIC PARTY,60 and over,Male
KAGISHO SAMUEL WILDEBEES,National,UNITED CHRISTIAN DEMOCRATIC PARTY,40 - 49,Male
SOLOMON TSHEGOFATSO PILANE,National,UNITED CHRISTIAN DEMOCRATIC PARTY,60 and over,Male
EUGENE BOIPELO MONNAPULA,National,UNITED CHRISTIAN DEMOCRATIC PARTY,60 and over,Male
BANTUBONKE HARRINGTON HOLOMISA,National,UNITED DEMOCRATIC MOVEMENT,50 - 59,Male
CHRISTOBEL THANDIWE NONTENJA,National,UNITED DEMOCRATIC MOVEMENT,50 - 59,Female
FARRINGTON SINDEZAMA MDUNYELWA,National,UNITED DEMOCRATIC MOVEMENT,50 - 59,Male
BONGANI RICHARD DUDUMAYO,National,UNITED DEMOCRATIC MOVEMENT,60 and over,Male
JOHN BUZANI MATETA,National,UNITED DEMOCRATIC MOVEMENT,60 and over,Male
SIMANGA BENJAMIN BHALENG,National,UNITED DEMOCRATIC MOVEMENT,60 and over,Male
LENNOX MPUMELELO NDUDE,National,UNITED DEMOCRATIC MOVEMENT,50 - 59,Male
SHAWN JOSEPH VAN DER MERWE,National,UNITED DEMOCRATIC MOVEMENT,60 and over,Male
TSIETSI DANIEL KHATI,National,UNITED DEMOCRATIC MOVEMENT,60 and over,Male
MZWANDILE MANJIYA,National,UNITED INDEPENDENT FRONT,60 and over,Male
MLIMI MONAKALI,National,UNITED INDEPENDENT FRONT,60 and over,Male
MICHAEL KGOMOTSO NTHITE,National,UNITED INDEPENDENT FRONT,60 and over,Male
PIETER WILLEM ADRIAAN MULDER,National,VRYHEIDSFRONT PLUS,50 - 59,Male
ABRAHAM PIETER OOSTHUIZEN,National,VRYHEIDSFRONT PLUS,50 - 59,Male
CORNELIUS PETRUS MULDER,National,VRYHEIDSFRONT PLUS,50 - 59,Male
PETRUS JOHANNES GROENEWALD,National,VRYHEIDSFRONT PLUS,50 - 59,Male
WILLIE DURAND SPIES,National,VRYHEIDSFRONT PLUS,60 and over,Male
FREDERIK JACOBUS VAN HEERDEN,National,VRYHEIDSFRONT PLUS,30 - 39,Male
WERNER LUDOLF WEBER,National,VRYHEIDSFRONT PLUS,40 - 49,Male
CAREL WILLEM HENDRIK BOSHOFF,National,VRYHEIDSFRONT PLUS,60 and over,Male
ANDREW FOURIE,National,VRYHEIDSFRONT PLUS,40 - 49,Male
ANDREW GERBER,National,VRYHEIDSFRONT PLUS,40 - 49,Male
EMMERENTIA FREDERIKA LANDMAN,National,VRYHEIDSFRONT PLUS,40 - 49,Female
FREDERIK JACOBUS MULDER,National,VRYHEIDSFRONT PLUS,60 and over,Male
WILLEM JACOBUS SNYMAN,National,VRYHEIDSFRONT PLUS,30 - 39,Male
ELIZABETH SNYMAN-VAN DEVENTER,National,VRYHEIDSFRONT PLUS,60 and over,Female
PIETER DANIEL UYS,National,VRYHEIDSFRONT PLUS,40 - 49,Male
CORNELIUS JACOBUS JANSEN VAN RENSBURG,National,VRYHEIDSFRONT PLUS,60 and over,Male
JOHANNES MARTHUNIS VAN NIEKERK,National,VRYHEIDSFRONT PLUS,60 and over,Male
PIETER MEY,National,VRYHEIDSFRONT PLUS,40 - 49,Male
ABRAM LE ROUX,National,VRYHEIDSFRONT PLUS,40 - 49,Male
CARL MAGNUS LÖNNGREN VENTER,National,VRYHEIDSFRONT PLUS,40 - 49,Male
ANTON DE WAAL ALBERTS,National,VRYHEIDSFRONT PLUS,60 and over,Male
KRITZINGER MEY,National,VRYHEIDSFRONT PLUS,60 and over,Male
RYKHAARD VAN JAARSVELD,National,VRYHEIDSFRONT PLUS,40 - 49,Male
MARTHA JOHANNA RICHTER,National,VRYHEIDSFRONT PLUS,40 - 49,Female
LINNETTE BADENHORST,National,VRYHEIDSFRONT PLUS,50 - 59,Female
DIRK WOUTER HOFFMAN,National,VRYHEIDSFRONT PLUS,40 - 49,Male
FERDINAND HARTZENBERG,National,VRYHEIDSFRONT PLUS,60 and over,Male
GERT STEFANUS FOUCHE,National,VRYHEIDSFRONT PLUS,40 - 49,Male
PETRUS JOHANNES BRINK,National,VRYHEIDSFRONT PLUS,40 - 49,Male
MATTHEUS JOHANNES WILLEMSE,National,VRYHEIDSFRONT PLUS,40 - 49,Male
JAMES DANIEL KEMP,National,VRYHEIDSFRONT PLUS,60 and over,Male
IGNATIUS MICHAEL GROENEWALD,National,VRYHEIDSFRONT PLUS,60 and over,Male
ELIZABETHA JOHANNA BISSCHOFF,National,VRYHEIDSFRONT PLUS,40 - 49,Female
ANJE STRIK VERWOERD,National,VRYHEIDSFRONT PLUS,60 and over,Female
PHILIPPUS ADRIAAN VAN STADEN,National,VRYHEIDSFRONT PLUS,60 and over,Male
MARIE BOSHOFF,National,VRYHEIDSFRONT PLUS,60 and over,Female
CHARLES DAWID HAWKINS,National,VRYHEIDSFRONT PLUS,40 - 49,Male
CORNELIUS PETRUS HATTINGH,National,VRYHEIDSFRONT PLUS,50 - 59,Male
JOHANNES GEYSBERTUS ROOS BORNMAN,National,VRYHEIDSFRONT PLUS,40 - 49,Male
HEDWIG GROENEWALD,National,VRYHEIDSFRONT PLUS,60 and over,Female
WOUTER WYNAND WESSELS,National,VRYHEIDSFRONT PLUS,60 and over,Male
ANSIE DU PLOOY,National,VRYHEIDSFRONT PLUS,60 and over,Female
CLAUDINA VAN WYK,National,VRYHEIDSFRONT PLUS,60 and over,Female
DOROTHEA MARIA BLIGNAUT,National,VRYHEIDSFRONT PLUS,50 - 59,Female
GERTRUIDA HILDAGAARD BOTHA,National,VRYHEIDSFRONT PLUS,50 - 59,Female
JOHAN VAN DRIMMELEN,National,VRYHEIDSFRONT PLUS,40 - 49,Male
JOHANN CHRISTIAAN BOSHOFF,National,VRYHEIDSFRONT PLUS,50 - 59,Male
ANNA DIANE CORNELIA LE ROUX,National,VRYHEIDSFRONT PLUS,50 - 59,Female
RONALD BRAND,National,VRYHEIDSFRONT PLUS,50 - 59,Male
CORNELIA NIKKE STRYDOM,National,VRYHEIDSFRONT PLUS,60 and over,Female
ZETWEE HATTINGH,National,VRYHEIDSFRONT PLUS,60 and over,Male
JOHANNES DANIËL POWELL,National,VRYHEIDSFRONT PLUS,50 - 59,Male
THEO DU TOIT,National,VRYHEIDSFRONT PLUS,50 - 59,Male
HEIDI GUDRUN WEBER,National,VRYHEIDSFRONT PLUS,60 and over,Female
IGNATIUS JACOBUS FERREIRA,National,VRYHEIDSFRONT PLUS,30 - 39,Male
BERNHARDUS JACOBUS HANEKOM,National,VRYHEIDSFRONT PLUS,60 and over,Male
CHRISTIAAN BENEKE,National,VRYHEIDSFRONT PLUS,60 and over,Male
HENDRIK GERHARDUS PISTORIUS,National,VRYHEIDSFRONT PLUS,50 - 59,Male
JOHANNES GERT HEYMAN,National,VRYHEIDSFRONT PLUS,40 - 49,Male
TAMARIN BREEDT,National,VRYHEIDSFRONT PLUS,60 and over,Female
URSULA COETZEE,National,VRYHEIDSFRONT PLUS,50 - 59,Female
PETRUS JOHANNES FOURIE,National,VRYHEIDSFRONT PLUS,40 - 49,Male
WYNAND FREDERIK VAN WYK,National,VRYHEIDSFRONT PLUS,40 - 49,Male
JOHANNES GERT ELIAS DUVENAGE,National,VRYHEIDSFRONT PLUS,40 - 49,Male
MAGRIETHA JOHANNA SNYMAN,National,VRYHEIDSFRONT PLUS,40 - 49,Female
JOHANNES THEODORUS POTGIETER,National,VRYHEIDSFRONT PLUS,40 - 49,Male
WILLEM PETRUS BOSHOFF,National,VRYHEIDSFRONT PLUS,40 - 49,Male
HANNO ALBERT DEN BOER,National,VRYHEIDSFRONT PLUS,60 and over,Male
AMANDA KLEINHANS,National,VRYHEIDSFRONT PLUS,60 and over,Female
TERTIA NICOLETTE MATTHEE,National,VRYHEIDSFRONT PLUS,60 and over,Female
HENDRIK JOHANNES JACOB COETZEE,National,VRYHEIDSFRONT PLUS,50 - 59,Male
ERNST LODEWIKUS MARAIS BOTES,National,VRYHEIDSFRONT PLUS,30 - 39,Male
BRENT JAN ALBERT COETZEE,National,VRYHEIDSFRONT PLUS,60 and over,Male
SAREL FREDERICK BOTES,National,VRYHEIDSFRONT PLUS,less than 30,Male
DAVID STEWART,National,VRYHEIDSFRONT PLUS,50 - 59,Male
FREDERIKA ROETS ROSSOUW,National,VRYHEIDSFRONT PLUS,60 and over,Female
MARIA JACOMINA CATHARINA KRUGER,National,VRYHEIDSFRONT PLUS,50 - 59,Female
DIRK JOHANNES VAN TONDER,National,VRYHEIDSFRONT PLUS,30 - 39,Male
MARIE ELIZABETH NELL,National,VRYHEIDSFRONT PLUS,50 - 59,Female
STEPHAN HARLEY,National,VRYHEIDSFRONT PLUS,40 - 49,Male
ANNEMIE JONKER,National,VRYHEIDSFRONT PLUS,60 and over,Female
PIETER DANIEL JACOBS,National,VRYHEIDSFRONT PLUS,40 - 49,Male
WILLEM ADRIAAN VAN DYK,National,VRYHEIDSFRONT PLUS,40 - 49,Male
DIEDERIK JOHANNES DAVEL,National,VRYHEIDSFRONT PLUS,50 - 59,Male
CECIL DE VILLIERS,National,VRYHEIDSFRONT PLUS,30 - 39,Male
THEUNETTE SNYMAN,National,VRYHEIDSFRONT PLUS,50 - 59,Female
PHILLIPPUS PETRUS VAN DER MERWE,National,VRYHEIDSFRONT PLUS,40 - 49,Male
JACOBUS HERCULES VAN NIEKERK,National,VRYHEIDSFRONT PLUS,50 - 59,Male
PETRUS JOHANNES VAN NIEKERK,National,VRYHEIDSFRONT PLUS,50 - 59,Male
JOHAN SNYMAN,National,VRYHEIDSFRONT PLUS,50 - 59,Male
JOHAN BOTES,National,VRYHEIDSFRONT PLUS,60 and over,Male
DANIEL JACOBUS BRINK,National,VRYHEIDSFRONT PLUS,30 - 39,Male
MARTHINUS WESSEL PRETORIUS,National,VRYHEIDSFRONT PLUS,60 and over,Male
GERRIT NOLTE,National,VRYHEIDSFRONT PLUS,40 - 49,Male
MARIUS SMUTS,National,VRYHEIDSFRONT PLUS,60 and over,Male
ROELINE VENTER,National,VRYHEIDSFRONT PLUS,60 and over,Female
FLORIS PETRUS DAFEL,National,VRYHEIDSFRONT PLUS,40 - 49,Male
ELIZABETH CATHARINA WAHL,National,VRYHEIDSFRONT PLUS,50 - 59,Female
ALAN ERIC CAWOOD,National,VRYHEIDSFRONT PLUS,60 and over,Male
HENDRIK GERHARDUS VAN DER LINDE,National,VRYHEIDSFRONT PLUS,60 and over,Male
CHARL EDUARD HERTZOG,National,VRYHEIDSFRONT PLUS,40 - 49,Male
DAVID ROUX TRUTER,National,VRYHEIDSFRONT PLUS,50 - 59,Male
DOROTHEA COROLINA DEKKER,National,VRYHEIDSFRONT PLUS,40 - 49,Female
FRANCO CAREL DE LANGE,National,VRYHEIDSFRONT PLUS,60 and over,Male
PETRUS WILHELMUS SMITH,National,VRYHEIDSFRONT PLUS,50 - 59,Male
MARTINUS HERMANUS JANSEN,National,VRYHEIDSFRONT PLUS,40 - 49,Male
WILLIAM FREDERICK EYRE,National,VRYHEIDSFRONT PLUS,40 - 49,Male
WILLEM KORNELIUS ROSSOUW,National,VRYHEIDSFRONT PLUS,50 - 59,Male
JAN WILLEM VAN DER WESTHUIZEN,National,VRYHEIDSFRONT PLUS,40 - 49,Male
GIDEON RUDOLPH DE VRIES,National,VRYHEIDSFRONT PLUS,60 and over,Male
VICTOR HUGO SMIT,National,VRYHEIDSFRONT PLUS,50 - 59,Male
FRANCOIS ALWYN SCHEEPERS,National,VRYHEIDSFRONT PLUS,50 - 59,Male
JACOB PIETER VAN DEN BERG,National,VRYHEIDSFRONT PLUS,30 - 39,Male
JOHANN FRIEDRICH WEBER,National,VRYHEIDSFRONT PLUS,60 and over,Male
BENJAMIN CHRISTIAAN SCHOONWINKEL,National,VRYHEIDSFRONT PLUS,60 and over,Male
JOHANNES URBANUS VAN DER WALT,National,VRYHEIDSFRONT PLUS,50 - 59,Male
REYNIER JOHANNES ROSSOUW,National,VRYHEIDSFRONT PLUS,60 and over,Male
DIEDERIK FRANCOIS KRUGER,National,VRYHEIDSFRONT PLUS,40 - 49,Male
CORNELIUS CASPARUS MEYER,National,VRYHEIDSFRONT PLUS,30 - 39,Male
JOHANN JORDAAN,National,VRYHEIDSFRONT PLUS,60 and over,Male
CORNELIA ELIZABETH VAN DER LINDE,National,VRYHEIDSFRONT PLUS,60 and over,Female
FLORENCE ETHEL LONGLAND,National,VRYHEIDSFRONT PLUS,50 - 59,Female
GUILLAUME FRANCOIS NEL,National,VRYHEIDSFRONT PLUS,30 - 39,Male
JACQUELINE CALITZ,National,VRYHEIDSFRONT PLUS,60 and over,Female
CHRISTOFFEL JOHANNES VILJOEN,National,VRYHEIDSFRONT PLUS,50 - 59,Male
NEIL COLBORNE,National,VRYHEIDSFRONT PLUS,60 and over,Male
PAUL ROUX WENTZEL,National,VRYHEIDSFRONT PLUS,40 - 49,Male
LOWINA CHRISTINA MATTHEUS,National,VRYHEIDSFRONT PLUS,40 - 49,Female
MARTIN GIDEON RAUTENBACH,National,VRYHEIDSFRONT PLUS,50 - 59,Male
ARTHUR LLEWELLYN ISTED NAUDÉ,National,VRYHEIDSFRONT PLUS,40 - 49,Male
PETRUS JACOBUS ARNOLDUS VAN DER MERWE,National,VRYHEIDSFRONT PLUS,40 - 49,Male
FRANCIS JOHANNES ROBBETZE,National,VRYHEIDSFRONT PLUS,50 - 59,Male
RUDI VENTER,National,VRYHEIDSFRONT PLUS,50 - 59,Male
GERHARD LOTZ,National,VRYHEIDSFRONT PLUS,60 and over,Male
JOHN PATRICK STRINGER,National,VRYHEIDSFRONT PLUS,40 - 49,Male
VICTOR WILHELM CHRISTIAN MÖHLE,National,VRYHEIDSFRONT PLUS,40 - 49,Male
CHRISTIAAN TOERIEN,National,VRYHEIDSFRONT PLUS,60 and over,Male
LUKAS CORNELIUS VAN DER MERWE,National,VRYHEIDSFRONT PLUS,60 and over,Male
JOHANNES VENTER,National,VRYHEIDSFRONT PLUS,30 - 39,Male
MARIO QUENTIN SWANEPOEL,National,VRYHEIDSFRONT PLUS,60 and over,Male
ROY MATTHEE,National,VRYHEIDSFRONT PLUS,60 and over,Male
PIETER JACOBUS LONGLAND,National,VRYHEIDSFRONT PLUS,50 - 59,Male
JACOBA FRANCINA VAN DER MERWE,National,VRYHEIDSFRONT PLUS,40 - 49,Female
MORNÉ VAN DER MERWE,National,VRYHEIDSFRONT PLUS,60 and over,Male
CORNELIUS JOHANNES VENTER,National,VRYHEIDSFRONT PLUS,40 - 49,Male
JOHANNES JURGENS KLEINHANS,National,VRYHEIDSFRONT PLUS,60 and over,Male
JAN HENDRIK JACOBUS VAN DEN BERGH,National,VRYHEIDSFRONT PLUS,50 - 59,Male
FRANCOIS KRUGER,National,VRYHEIDSFRONT PLUS,60 and over,Male
HENDRIENA MAGARETHA VAN DER MERWE,National,VRYHEIDSFRONT PLUS,40 - 49,Female
JOHANNES VREUGDENBURG,National,VRYHEIDSFRONT PLUS,30 - 39,Male
STEPHANUS TERBLANCHE,National,VRYHEIDSFRONT PLUS,50 - 59,Male
JOHANNES KOENRAAD LOUW,National,VRYHEIDSFRONT PLUS,60 and over,Male
LINDIWE NANA NGOBESE,National,WOMEN FORWARD,60 and over,Female
SARAH EDITH RUSSELL COLLINS,National,WOMEN FORWARD,60 and over,Female
TSHIFHIWA CONSTANCE NANGAMMBI,National,WOMEN FORWARD,60 and over,Female
SIBONGILE ISABEL SHEZI,National,WOMEN FORWARD,60 and over,Female
EDZISANI REGUEL MULAUDZI,National,WOMEN FORWARD,60 and over,Male
RUDZANI EMELY MADZAGADZAGA,National,WOMEN FORWARD,60 and over,Female
JEANETTE THABISENG RADEBE,National,WOMEN FORWARD,60 and over,Female
