person,province,party,age,age_range,gender
BROESE PHETHELO PENI,EASTERN CAPE,A PARTY,37,less than 39,Male
FULUFHEDZANI MERCY MAKHALE,FREE STATE,A PARTY,46,39 - 59,Female
TUMELO MOTHEO KEKANA,GAUTENG,A PARTY,23,less than 39,Male
YOLANDA MAGDA CARTER,GAUTENG,A PARTY,28,less than 39,Female
MADZUHE ITANI GIDEON MAGORO,GAUTENG,A PARTY,53,39 - 59,Male
MARY MULALO DZHALAGOME,MPUMALANGA,A PARTY,69,60 - 79,Female
MPHEDZISENI RAMALA,MPUMALANGA,A PARTY,32,less than 39,Male
LIVHUWANI MATHEPHE,MPUMALANGA,A PARTY,33,less than 39,Female
TONDANI REGINAH MAFADZA,LIMPOPO,A PARTY,40,39 - 59,Female
THINGAAMBI HUMPHREY RATSHILUMELA,LIMPOPO,A PARTY,30,less than 39,Male
NKHANGWELENI KINGSLEY SIKHWIVHILU,LIMPOPO,A PARTY,42,39 - 59,Male
SHANDUKANI ZACHARIA NEMALILI,LIMPOPO,A PARTY,40,39 - 59,Male
MAKHADO MASITHI,LIMPOPO,A PARTY,39,39 - 59,Male
AZWINNDINI ANNAH TSHABUSE,LIMPOPO,A PARTY,49,39 - 59,Female
NONDUMISO KEMPELE,WESTERN CAPE,A PARTY,34,less than 39,Female
LUMUMBA NGAMNTWINI,WESTERN CAPE,A PARTY,39,39 - 59,Male
HILDA NOMSA DEDISO,WESTERN CAPE,A PARTY,38,less than 39,Female
MAWETHU PAURITIUS HODINI,WESTERN CAPE,A PARTY,34,less than 39,Male
CYNTHIA NTOMBIZANDILE ZOLA,WESTERN CAPE,A PARTY,37,less than 39,Female
CHARLES SONWABO DIDI,WESTERN CAPE,A PARTY,31,less than 39,Male
ANDILE MAMKELI QOBO,WESTERN CAPE,A PARTY,31,less than 39,Male
ZITHULELE NGESI,WESTERN CAPE,A PARTY,32,less than 39,Male
NOBUHLE THISANI,WESTERN CAPE,A PARTY,37,less than 39,Female
ZANELE DORAH FIGLAN,WESTERN CAPE,A PARTY,49,39 - 59,Female
JONGILANGA KENTE,WESTERN CAPE,A PARTY,47,39 - 59,Male
LUKE MONWABISI QUSE,EASTERN CAPE,AFRICAN CHRISTIAN DEMOCRATIC PARTY,46,39 - 59,Male
LITHA MASIVAKALE NCOKAZI,EASTERN CAPE,AFRICAN CHRISTIAN DEMOCRATIC PARTY,25,less than 39,Male
HENDRIK JACOBUS MARTHINUS MULLER,FREE STATE,AFRICAN CHRISTIAN DEMOCRATIC PARTY,55,39 - 59,Male
KHWAILE RUFUS MALATJI,GAUTENG,AFRICAN CHRISTIAN DEMOCRATIC PARTY,51,39 - 59,Male
MPHO PHANUEL MAMARIGANE,GAUTENG,AFRICAN CHRISTIAN DEMOCRATIC PARTY,53,39 - 59,Male
NICHOLAS COMBRING FISHER,GAUTENG,AFRICAN CHRISTIAN DEMOCRATIC PARTY,64,60 - 79,Male
SIMON SIBUSISO BADANILE NZIMANDE,GAUTENG,AFRICAN CHRISTIAN DEMOCRATIC PARTY,30,less than 39,Male
WAYNE MAXIM THRING,KWAZULU-NATAL,AFRICAN CHRISTIAN DEMOCRATIC PARTY,46,39 - 59,Male
ROSEMARY SIMEON,KWAZULU-NATAL,AFRICAN CHRISTIAN DEMOCRATIC PARTY,44,39 - 59,Female
CELUKWANDA ELVIS MPANZA,KWAZULU-NATAL,AFRICAN CHRISTIAN DEMOCRATIC PARTY,39,39 - 59,Male
SIBONGILE JEANETTE MATHEBULA,MPUMALANGA,AFRICAN CHRISTIAN DEMOCRATIC PARTY,35,less than 39,Female
MARCIA SARAH MNISI,MPUMALANGA,AFRICAN CHRISTIAN DEMOCRATIC PARTY,35,less than 39,Female
EDWARD PESULO,LIMPOPO,AFRICAN CHRISTIAN DEMOCRATIC PARTY,39,39 - 59,Male
MOYAHABO KIM MOTHIBE,LIMPOPO,AFRICAN CHRISTIAN DEMOCRATIC PARTY,27,less than 39,Female
MAGRIETA MAGDALENA BRIEL,NORTH WEST,AFRICAN CHRISTIAN DEMOCRATIC PARTY,38,less than 39,Female
HENDRY BENJAMIN CUPIDO,WESTERN CAPE,AFRICAN CHRISTIAN DEMOCRATIC PARTY,55,39 - 59,Male
CATHERINE TERSIA JEANETTE SIMMERS,WESTERN CAPE,AFRICAN CHRISTIAN DEMOCRATIC PARTY,60,60 - 79,Female
GUGILE ERNEST NKWINTI,EASTERN CAPE,AFRICAN NATIONAL CONGRESS,61,60 - 79,Male
NKOSINATHI BENSON FIHLA,EASTERN CAPE,AFRICAN NATIONAL CONGRESS,77,60 - 79,Male
KGOMOTSO RUTH MAGAU,FREE STATE,AFRICAN NATIONAL CONGRESS,42,39 - 59,Female
KOPENG OBED BAPELA,GAUTENG,AFRICAN NATIONAL CONGRESS,51,39 - 59,Male
MUNTU DOREEN NXUMALO,GAUTENG,AFRICAN NATIONAL CONGRESS,60,60 - 79,Female
GERHARDUS WILLEM KOORNHOF,GAUTENG,AFRICAN NATIONAL CONGRESS,57,39 - 59,Male
FARIDA MAHOMED,GAUTENG,AFRICAN NATIONAL CONGRESS,54,39 - 59,Female
ZEPHROMA SIZANI DUBAZANA,KWAZULU-NATAL,AFRICAN NATIONAL CONGRESS,55,39 - 59,Female
ZWELIFILE CHRISTOPHER NTULI,KWAZULU-NATAL,AFRICAN NATIONAL CONGRESS,55,39 - 59,Male
NOKUTHULA BONIFACIA MNGADI,KWAZULU-NATAL,AFRICAN NATIONAL CONGRESS,37,less than 39,Female
JAMES JIM SKOSANA,MPUMALANGA,AFRICAN NATIONAL CONGRESS,47,39 - 59,Male
VUSELELO VINCENT MAGAGULA,MPUMALANGA,AFRICAN NATIONAL CONGRESS,36,less than 39,Male
TINA MONICA JOEMAT-PETTERSSON,NORTHERN CAPE,AFRICAN NATIONAL CONGRESS,46,39 - 59,Female
MANANA CATHERINE MABUZA,LIMPOPO,AFRICAN NATIONAL CONGRESS,64,60 - 79,Female
DIVILI WILSON MAVUNDA,LIMPOPO,AFRICAN NATIONAL CONGRESS,52,39 - 59,Male
MOLEFI SEFULARO,NORTH WEST,AFRICAN NATIONAL CONGRESS,52,39 - 59,Male
NOMTHETHO DINAH RAMORWESI,NORTH WEST,AFRICAN NATIONAL CONGRESS,39,39 - 59,Female
XOLISWA CAROLINE MAKASI,WESTERN CAPE,AFRICAN NATIONAL CONGRESS,53,39 - 59,Female
JACOBUS JOHANNES BRYNARD,WESTERN CAPE,AFRICAN NATIONAL CONGRESS,62,60 - 79,Male
PHUMZILE HUBERT SONGO,EASTERN CAPE,AFRICAN PEOPLE'S CONVENTION,38,less than 39,Male
SESOMO SAMUEL SEAKHELA,FREE STATE,AFRICAN PEOPLE'S CONVENTION,64,60 - 79,Male
ANDREW MODUKANELE BERRIS MODISE,FREE STATE,AFRICAN PEOPLE'S CONVENTION,50,39 - 59,Male
MOHANOE JOHN MOKOENA,FREE STATE,AFRICAN PEOPLE'S CONVENTION,33,less than 39,Male
RAMAHLALERWA DOUGLAS MATHUME,GAUTENG,AFRICAN PEOPLE'S CONVENTION,42,39 - 59,Male
VATHISWA MARTINS,GAUTENG,AFRICAN PEOPLE'S CONVENTION,47,39 - 59,Female
DUMISANI WELCOME NGQULUNGA,KWAZULU-NATAL,AFRICAN PEOPLE'S CONVENTION,46,39 - 59,Male
THULANI NICHOLUS XABA,KWAZULU-NATAL,AFRICAN PEOPLE'S CONVENTION,26,less than 39,Male
XIKOSI ERNEST HLATHI,MPUMALANGA,AFRICAN PEOPLE'S CONVENTION,46,39 - 59,Male
KODWA PAT THEMBA,MPUMALANGA,AFRICAN PEOPLE'S CONVENTION,46,39 - 59,Male
ELIZABETH NGALEKA,NORTHERN CAPE,AFRICAN PEOPLE'S CONVENTION,45,39 - 59,Female
PHADISHE JOHANNES MOLOKOMME,LIMPOPO,AFRICAN PEOPLE'S CONVENTION,37,less than 39,Male
FRANCE MAKGALA,LIMPOPO,AFRICAN PEOPLE'S CONVENTION,45,39 - 59,Male
MOJALEFA DYKE SEKOSANA,NORTH WEST,AFRICAN PEOPLE'S CONVENTION,65,60 - 79,Male
BOIKANYO JOHN BAIJANG,NORTH WEST,AFRICAN PEOPLE'S CONVENTION,39,39 - 59,Male
NKOSINATHI SYDNEY MAHALA,WESTERN CAPE,AFRICAN PEOPLE'S CONVENTION,44,39 - 59,Male
ABDOOL RAZAK GOOLAM NOORBHAI,GAUTENG,AL JAMA-AH,53,39 - 59,Male
SHAUNEEZ AJAT,GAUTENG,AL JAMA-AH,48,39 - 59,Female
SHIREEN DAVIDS,GAUTENG,AL JAMA-AH,56,39 - 59,Female
SALAMA NOORBHAI,GAUTENG,AL JAMA-AH,56,39 - 59,Female
HAROON YOUSUPH,KWAZULU-NATAL,AL JAMA-AH,60,60 - 79,Male
MBONGISENI CHRISTIAN KHUMALO,KWAZULU-NATAL,AL JAMA-AH,37,less than 39,Male
MIKATEKO QUENTIN MANTHOSI,KWAZULU-NATAL,AL JAMA-AH,26,less than 39,Male
ISMAIL EBRAHIM MANSOOR,KWAZULU-NATAL,AL JAMA-AH,58,39 - 59,Male
ANDILE BETHWELL TSHONA,EASTERN CAPE,ALLIANCE OF FREE DEMOCRATS,27,less than 39,Male
LERATO ROSLEA DINEKA,FREE STATE,ALLIANCE OF FREE DEMOCRATS,33,less than 39,Female
ABRAHAM CARL PEDRO,GAUTENG,ALLIANCE OF FREE DEMOCRATS,48,39 - 59,Male
EPHI NONHLANHLA MOTALA,KWAZULU-NATAL,ALLIANCE OF FREE DEMOCRATS,44,39 - 59,Female
MUHLE VALERY NDHLOVU,MPUMALANGA,ALLIANCE OF FREE DEMOCRATS,39,39 - 59,Female
MOILA NELSON PAPALA,NORTH WEST,ALLIANCE OF FREE DEMOCRATS,49,39 - 59,Male
DEBORAH NOSISI MFIKI,WESTERN CAPE,ALLIANCE OF FREE DEMOCRATS,56,39 - 59,Female
SIMPIWE LAWRENCE HASHE,EASTERN CAPE,AZANIAN PEOPLE'S ORGANISATION,37,less than 39,Male
ZWELINZIMA BENJAMIN MATYU,EASTERN CAPE,AZANIAN PEOPLE'S ORGANISATION,53,39 - 59,Male
LUYANDA FUNDE,EASTERN CAPE,AZANIAN PEOPLE'S ORGANISATION,38,less than 39,Male
BASIL CECIL MANNING,GAUTENG,AZANIAN PEOPLE'S ORGANISATION,67,60 - 79,Male
STEPHEN JABULANI RAKWENA,MPUMALANGA,AZANIAN PEOPLE'S ORGANISATION,43,39 - 59,Male
SEBASTIAN VELI MBELE,NORTHERN CAPE,AZANIAN PEOPLE'S ORGANISATION,33,less than 39,Male
KWENA CHRISTIAN MAKGOKA,LIMPOPO,AZANIAN PEOPLE'S ORGANISATION,50,39 - 59,Male
MANDULELI MZAYIYA,WESTERN CAPE,AZANIAN PEOPLE'S ORGANISATION,38,less than 39,Male
SYDNEY MANZOLWANDLE GELANA,EASTERN CAPE,CHRISTIAN DEMOCRATIC ALLIANCE,77,60 - 79,Male
CHARMAINE ANNE-MARIE ALLISON,EASTERN CAPE,CHRISTIAN DEMOCRATIC ALLIANCE,41,39 - 59,Female
JAN CHRISTOFFEL HENDRIK LANDMAN,FREE STATE,CHRISTIAN DEMOCRATIC ALLIANCE,66,60 - 79,Male
THEUNIS GUSTAV BOTHA,GAUTENG,CHRISTIAN DEMOCRATIC ALLIANCE,67,60 - 79,Male
MALEKGALE BRENDA NYATHI,GAUTENG,CHRISTIAN DEMOCRATIC ALLIANCE,30,less than 39,Female
ADRI PRETORIUS,GAUTENG,CHRISTIAN DEMOCRATIC ALLIANCE,21,less than 39,Female
MARGARET ELIZABETH KIESER,GAUTENG,CHRISTIAN DEMOCRATIC ALLIANCE,56,39 - 59,Female
SANNA STASIE,NORTHERN CAPE,CHRISTIAN DEMOCRATIC ALLIANCE,43,39 - 59,Female
EVAN NQELE VOYI,NORTH WEST,CHRISTIAN DEMOCRATIC ALLIANCE,32,less than 39,Male
RIVKA HOOSAIN,WESTERN CAPE,CHRISTIAN DEMOCRATIC ALLIANCE,23,less than 39,Female
MAKHOSAZANA ABIGAIL ALICIA NJOBE,EASTERN CAPE,CONGRESS OF THE PEOPLE,79,60 - 79,Female
BONIWE VERONICA MOLESHE,EASTERN CAPE,CONGRESS OF THE PEOPLE,62,60 - 79,Female
DIRATSAGAE ALFRED KGANARE,FREE STATE,CONGRESS OF THE PEOPLE,50,39 - 59,Male
NOLITHA YVONNE VUKUZA-LINDA,GAUTENG,CONGRESS OF THE PEOPLE,51,39 - 59,Female
SIPHO ALI NGHONA,GAUTENG,CONGRESS OF THE PEOPLE,31,less than 39,Male
SEKOLOKOLO SAMSON PHAKWAGO,GAUTENG,CONGRESS OF THE PEOPLE,51,39 - 59,Male
GRAHAM PETER DALZIEL MAC KENZIE,KWAZULU-NATAL,CONGRESS OF THE PEOPLE,59,39 - 59,Male
NOBUBELE POTWANA,KWAZULU-NATAL,CONGRESS OF THE PEOPLE,56,39 - 59,Female
LOURENS JOHANNES THERON,MPUMALANGA,CONGRESS OF THE PEOPLE,37,less than 39,Male
SANNA KEIKANTSEENG MOLAO,NORTHERN CAPE,CONGRESS OF THE PEOPLE,47,39 - 59,Female
WILLIAM MOTHIPA MADISHA,LIMPOPO,CONGRESS OF THE PEOPLE,49,39 - 59,Male
PAUL BUSHY MNGUNI,NORTH WEST,CONGRESS OF THE PEOPLE,46,39 - 59,Male
PHILLIP DAVID DEXTER,WESTERN CAPE,CONGRESS OF THE PEOPLE,47,39 - 59,Male
BUYISWA CYLDA RWEXWANA,WESTERN CAPE,CONGRESS OF THE PEOPLE,58,39 - 59,Female
ROLAND ATHOL PRICE TROLLIP,EASTERN CAPE,DEMOCRATIC ALLIANCE/DEMOKRATIESE ALLIANSIE,45,39 - 59,Male
KEVIN JOHN MILEHAM,EASTERN CAPE,DEMOCRATIC ALLIANCE/DEMOKRATIESE ALLIANSIE,38,less than 39,Male
MZWANDILE NELSON DUMSE,EASTERN CAPE,DEMOCRATIC ALLIANCE/DEMOKRATIESE ALLIANSIE,57,39 - 59,Male
NOMAWABO NTOLOSI,EASTERN CAPE,DEMOCRATIC ALLIANCE/DEMOKRATIESE ALLIANSIE,44,39 - 59,Female
ISAAC ADAMS,EASTERN CAPE,DEMOCRATIC ALLIANCE/DEMOKRATIESE ALLIANSIE,61,60 - 79,Male
GERT JACOBUS BENJAMIN STOLS,EASTERN CAPE,DEMOCRATIC ALLIANCE/DEMOKRATIESE ALLIANSIE,49,39 - 59,Male
JACOBUS SCHMIDT,FREE STATE,DEMOCRATIC ALLIANCE/DEMOKRATIESE ALLIANSIE,49,39 - 59,Male
ROY JANKIELSOHN,FREE STATE,DEMOCRATIC ALLIANCE/DEMOKRATIESE ALLIANSIE,42,39 - 59,Male
SIDNEY EDWIN LEECH,FREE STATE,DEMOCRATIC ALLIANCE/DEMOKRATIESE ALLIANSIE,25,less than 39,Male
IAN ORMISTON DAVIDSON,GAUTENG,DEMOCRATIC ALLIANCE/DEMOKRATIESE ALLIANSIE,58,39 - 59,Male
JAMES ROBERT BOURNE LORIMER,GAUTENG,DEMOCRATIC ALLIANCE/DEMOKRATIESE ALLIANSIE,47,39 - 59,Male
GEORGE GAOLATLHE BOINAMO,GAUTENG,DEMOCRATIC ALLIANCE/DEMOKRATIESE ALLIANSIE,61,60 - 79,Male
CHRISTIAN HENDRIK BOSHOFF,GAUTENG,DEMOCRATIC ALLIANCE/DEMOKRATIESE ALLIANSIE,51,39 - 59,Male
NEIL GORDON CAMPBELL,GAUTENG,DEMOCRATIC ALLIANCE/DEMOKRATIESE ALLIANSIE,59,39 - 59,Male
SAMANTHA NAIR,GAUTENG,DEMOCRATIC ALLIANCE/DEMOKRATIESE ALLIANSIE,53,39 - 59,Female
JOHN EDWARD SLOAN,GAUTENG,DEMOCRATIC ALLIANCE/DEMOKRATIESE ALLIANSIE,73,60 - 79,Male
MICHAEL JOHN MASON,GAUTENG,DEMOCRATIC ALLIANCE/DEMOKRATIESE ALLIANSIE,62,60 - 79,Male
VASCO MANUEL DA GAMA,GAUTENG,DEMOCRATIC ALLIANCE/DEMOKRATIESE ALLIANSIE,50,39 - 59,Male
JOHN GARTON BARROW,GAUTENG,DEMOCRATIC ALLIANCE/DEMOKRATIESE ALLIANSIE,63,60 - 79,Male
EULBRI MAGESI KUBAYI,GAUTENG,DEMOCRATIC ALLIANCE/DEMOKRATIESE ALLIANSIE,30,less than 39,Male
MICHAEL JAMES ELLIS,KWAZULU-NATAL,DEMOCRATIC ALLIANCE/DEMOKRATIESE ALLIANSIE,63,60 - 79,Male
RORY DEAN MACPHERSON,KWAZULU-NATAL,DEMOCRATIC ALLIANCE/DEMOKRATIESE ALLIANSIE,48,39 - 59,Male
SUSAN MARY BURROWS,KWAZULU-NATAL,DEMOCRATIC ALLIANCE/DEMOKRATIESE ALLIANSIE,57,39 - 59,Female
RONALD JAMES GLAISTER,KWAZULU-NATAL,DEMOCRATIC ALLIANCE/DEMOKRATIESE ALLIANSIE,72,60 - 79,Male
THEMBINKOSI INNOCENT MAGAGULA,KWAZULU-NATAL,DEMOCRATIC ALLIANCE/DEMOKRATIESE ALLIANSIE,28,less than 39,Male
MARION ANN MOSTERT,KWAZULU-NATAL,DEMOCRATIC ALLIANCE/DEMOKRATIESE ALLIANSIE,63,60 - 79,Female
KEVIN PRINSLOO,KWAZULU-NATAL,DEMOCRATIC ALLIANCE/DEMOKRATIESE ALLIANSIE,35,less than 39,Male
JAN CHRISTOFFEL VAN DEN BERG,KWAZULU-NATAL,DEMOCRATIC ALLIANCE/DEMOKRATIESE ALLIANSIE,37,less than 39,Male
FLORENCE FRANCES ABRAMSON,KWAZULU-NATAL,DEMOCRATIC ALLIANCE/DEMOKRATIESE ALLIANSIE,84,80 and over,Female
LOURENS LEMMER BOSMAN,MPUMALANGA,DEMOCRATIC ALLIANCE/DEMOKRATIESE ALLIANSIE,68,60 - 79,Male
MARY ANGELA TAYLOR,MPUMALANGA,DEMOCRATIC ALLIANCE/DEMOKRATIESE ALLIANSIE,64,60 - 79,Female
MOSALA WALTER KOENA,MPUMALANGA,DEMOCRATIC ALLIANCE/DEMOKRATIESE ALLIANSIE,34,less than 39,Male
THAMI DAVID NXUMALO,MPUMALANGA,DEMOCRATIC ALLIANCE/DEMOKRATIESE ALLIANSIE,68,60 - 79,Male
ANDREW LOUW,NORTHERN CAPE,DEMOCRATIC ALLIANCE/DEMOKRATIESE ALLIANSIE,40,39 - 59,Male
CATHARINA MARIA JANSE VAN RENSBURG,NORTHERN CAPE,DEMOCRATIC ALLIANCE/DEMOKRATIESE ALLIANSIE,35,less than 39,Female
DÉSIRÉE VAN DER WALT,LIMPOPO,DEMOCRATIC ALLIANCE/DEMOKRATIESE ALLIANSIE,53,39 - 59,Female
SIMON OUPA SOMO,LIMPOPO,DEMOCRATIC ALLIANCE/DEMOKRATIESE ALLIANSIE,38,less than 39,Male
MBULAWA ELIAS KABINI,LIMPOPO,DEMOCRATIC ALLIANCE/DEMOKRATIESE ALLIANSIE,42,39 - 59,Male
ANNE KIRKPATRICK,LIMPOPO,DEMOCRATIC ALLIANCE/DEMOKRATIESE ALLIANSIE,58,39 - 59,Female
SWONDAHA JEREMIAH MAHWAI,LIMPOPO,DEMOCRATIC ALLIANCE/DEMOKRATIESE ALLIANSIE,44,39 - 59,Male
JOHANNA FREDRIKA TERBLANCHE,NORTH WEST,DEMOCRATIC ALLIANCE/DEMOKRATIESE ALLIANSIE,39,39 - 59,Female
NORMAN EWART CLEGG BARLOW,NORTH WEST,DEMOCRATIC ALLIANCE/DEMOKRATIESE ALLIANSIE,73,60 - 79,Male
WILLIE BEKKER,NORTH WEST,DEMOCRATIC ALLIANCE/DEMOKRATIESE ALLIANSIE,53,39 - 59,Male
AGATHA WILHELMINA CILLIERS,NORTH WEST,DEMOCRATIC ALLIANCE/DEMOKRATIESE ALLIANSIE,40,39 - 59,Female
RYAN COETZEE,WESTERN CAPE,DEMOCRATIC ALLIANCE/DEMOKRATIESE ALLIANSIE,36,less than 39,Male
ALBERT THEO FRITZ,WESTERN CAPE,DEMOCRATIC ALLIANCE/DEMOKRATIESE ALLIANSIE,50,39 - 59,Male
ERIK JOHANNES MARAIS,WESTERN CAPE,DEMOCRATIC ALLIANCE/DEMOKRATIESE ALLIANSIE,48,39 - 59,Male
ERASMUS JOHANNES VAN ZYL,WESTERN CAPE,DEMOCRATIC ALLIANCE/DEMOKRATIESE ALLIANSIE,64,60 - 79,Male
THEUNIS LOUIS BOTHA,WESTERN CAPE,DEMOCRATIC ALLIANCE/DEMOKRATIESE ALLIANSIE,49,39 - 59,Male
JACOBUS PETRUS JOHANNES BOTHA,WESTERN CAPE,DEMOCRATIC ALLIANCE/DEMOKRATIESE ALLIANSIE,40,39 - 59,Male
CLIVE JONATHAN NJELA,EASTERN CAPE,INDEPENDENT DEMOCRATS,36,less than 39,Male
ANGELINE CECILIA ERASMUS,EASTERN CAPE,INDEPENDENT DEMOCRATS,45,39 - 59,Female
BOERMAN JOSEPH WADE,EASTERN CAPE,INDEPENDENT DEMOCRATS,52,39 - 59,Male
SURAYA HOLT,FREE STATE,INDEPENDENT DEMOCRATS,47,39 - 59,Female
MERVYN HYMAN CIROTA,GAUTENG,INDEPENDENT DEMOCRATS,56,39 - 59,Male
JOHANNA PHUTI NOMVETE,GAUTENG,INDEPENDENT DEMOCRATS,48,39 - 59,Female
ISAAC VINCENT SYMONS,GAUTENG,INDEPENDENT DEMOCRATS,61,60 - 79,Male
SONWABILE AUBREY TSHALATA,KWAZULU-NATAL,INDEPENDENT DEMOCRATS,40,39 - 59,Male
DEVCHAND GEEVAN NATHOO,KWAZULU-NATAL,INDEPENDENT DEMOCRATS,61,60 - 79,Male
KONANANI ESTHER GOGOME,KWAZULU-NATAL,INDEPENDENT DEMOCRATS,44,39 - 59,Female
JAMES MBETSE,MPUMALANGA,INDEPENDENT DEMOCRATS,59,39 - 59,Male
DIKELEDI SAPINA MORARI,MPUMALANGA,INDEPENDENT DEMOCRATS,41,39 - 59,Female
ISMAIL OBARAY,NORTHERN CAPE,INDEPENDENT DEMOCRATS,46,39 - 59,Male
NALEDZANI FLONAH MULAUDZI,LIMPOPO,INDEPENDENT DEMOCRATS,32,less than 39,Female
AGNES TSAMAI,NORTH WEST,INDEPENDENT DEMOCRATS,57,39 - 59,Female
MANGKANANA MPHO AGNES MASIA-NOBULA,NORTH WEST,INDEPENDENT DEMOCRATS,37,less than 39,Female
LANCE WILLIAM GREYLING,WESTERN CAPE,INDEPENDENT DEMOCRATS,36,less than 39,Male
JENNIFER SHARON BOTHA,WESTERN CAPE,INDEPENDENT DEMOCRATS,51,39 - 59,Female
BABALWA MURIEL GATYENI,EASTERN CAPE,INKATHA FREEDOM PARTY,50,39 - 59,Female
NOCAWE ELFINA YAWA,EASTERN CAPE,INKATHA FREEDOM PARTY,35,less than 39,Female
PHUMLA MQWALA,EASTERN CAPE,INKATHA FREEDOM PARTY,34,less than 39,Female
BONGISWA GXEKWA,EASTERN CAPE,INKATHA FREEDOM PARTY,27,less than 39,Female
VUYANE ZAMANI,EASTERN CAPE,INKATHA FREEDOM PARTY,25,less than 39,Male
SONWABO TSHOLEKA,EASTERN CAPE,INKATHA FREEDOM PARTY,33,less than 39,Male
NOLUDWE PALISA ARETHA WIGGINS,EASTERN CAPE,INKATHA FREEDOM PARTY,35,less than 39,Female
SABELO CLARENCE SIGUDU,FREE STATE,INKATHA FREEDOM PARTY,19,less than 39,Male
MARVELLOUS THOKOZILE SIMELANE,FREE STATE,INKATHA FREEDOM PARTY,36,less than 39,Female
KHAHLISO BEAUTY MANTSOE,FREE STATE,INKATHA FREEDOM PARTY,43,39 - 59,Female
YVONNE MEISIE JABULILE TSHABALALA,FREE STATE,INKATHA FREEDOM PARTY,42,39 - 59,Female
NGWENDE JONAS SIMELANE,FREE STATE,INKATHA FREEDOM PARTY,26,less than 39,Male
DAVID MPHATSISI MOLOI,FREE STATE,INKATHA FREEDOM PARTY,33,less than 39,Male
BONGINKOSI WESLEY DHLAMINI,GAUTENG,INKATHA FREEDOM PARTY,42,39 - 59,Male
HENDRIK JACOBUS BEKKER,GAUTENG,INKATHA FREEDOM PARTY,67,60 - 79,Male
SIPHO MZWAKHE SITHOLE,GAUTENG,INKATHA FREEDOM PARTY,51,39 - 59,Male
FIKELEPHI GAMEDE,GAUTENG,INKATHA FREEDOM PARTY,59,39 - 59,Female
JAN ADRIAAN ESTERHUIZEN,GAUTENG,INKATHA FREEDOM PARTY,60,60 - 79,Male
PHILANI DLOMO,GAUTENG,INKATHA FREEDOM PARTY,31,less than 39,Male
MADALA ABRAM MZIZI,GAUTENG,INKATHA FREEDOM PARTY,69,60 - 79,Male
KEITH MUNTUWENKOSI ZONDI,KWAZULU-NATAL,INKATHA FREEDOM PARTY,49,39 - 59,Male
NAREND SINGH,KWAZULU-NATAL,INKATHA FREEDOM PARTY,55,39 - 59,Male
VELAPHI BETHUEL NDLOVU,KWAZULU-NATAL,INKATHA FREEDOM PARTY,61,60 - 79,Male
ERIC JAMES LUCAS,KWAZULU-NATAL,INKATHA FREEDOM PARTY,72,60 - 79,Male
PETER FRANCIS SMITH,KWAZULU-NATAL,INKATHA FREEDOM PARTY,55,39 - 59,Male
ALFRED MKHIPHENI MPONTSHANE,KWAZULU-NATAL,INKATHA FREEDOM PARTY,57,39 - 59,Male
RUSSEL NSIKAYEZWE CEBEKHULU,KWAZULU-NATAL,INKATHA FREEDOM PARTY,51,39 - 59,Male
HILDAH SIZAKELE MSWELI,KWAZULU-NATAL,INKATHA FREEDOM PARTY,63,60 - 79,Female
BUSAPHI ELEONOR MACHI,KWAZULU-NATAL,INKATHA FREEDOM PARTY,50,39 - 59,Female
BHEKA GLADWIN NDLELA,KWAZULU-NATAL,INKATHA FREEDOM PARTY,65,60 - 79,Male
IVAN ROWEN BARNES,KWAZULU-NATAL,INKATHA FREEDOM PARTY,32,less than 39,Male
BONGOKWAKHE MTHOKOZISI NZUZA,KWAZULU-NATAL,INKATHA FREEDOM PARTY,49,39 - 59,Male
VANESHREE ANAMALAY,KWAZULU-NATAL,INKATHA FREEDOM PARTY,27,less than 39,Female
MZIKAYISE GABRIEL ZULU,KWAZULU-NATAL,INKATHA FREEDOM PARTY,54,39 - 59,Male
ABEL MTHENJWA HLONGWANE,KWAZULU-NATAL,INKATHA FREEDOM PARTY,30,less than 39,Male
BHEKIZIZWE NIVARD LUTHULI,KWAZULU-NATAL,INKATHA FREEDOM PARTY,55,39 - 59,Male
EDWARD MNGADI,KWAZULU-NATAL,INKATHA FREEDOM PARTY,58,39 - 59,Male
NCAMISILE JERICH NKWANYANA,KWAZULU-NATAL,INKATHA FREEDOM PARTY,55,39 - 59,Female
ABBIE NOMABANDLA THOKOZANI 380 MCHUNU,KWAZULU-NATAL,INKATHA FREEDOM PARTY,47,39 - 59,Male
SIPHIWO JAMES NKOSI,KWAZULU-NATAL,INKATHA FREEDOM PARTY,62,60 - 79,Male
MAHLALANYATHI HANDRY NYEMBE,KWAZULU-NATAL,INKATHA FREEDOM PARTY,53,39 - 59,Male
BRILLINTINE SAMKELISIWE MAVUNDLA,KWAZULU-NATAL,INKATHA FREEDOM PARTY,38,less than 39,Female
NHLANHLAKAYISE MOSES KHUBISA,KWAZULU-NATAL,INKATHA FREEDOM PARTY,47,39 - 59,Male
MPILO PATRICK MTESHANE,KWAZULU-NATAL,INKATHA FREEDOM PARTY,57,39 - 59,Male
DAVID PAUL MARAIS,KWAZULU-NATAL,INKATHA FREEDOM PARTY,52,39 - 59,Male
MSAKAYISE JOSEPH ZUMA,KWAZULU-NATAL,INKATHA FREEDOM PARTY,37,less than 39,Male
PERCY GRANT MABILISA,KWAZULU-NATAL,INKATHA FREEDOM PARTY,42,39 - 59,Male
VELA CECIL GUMEDE,KWAZULU-NATAL,INKATHA FREEDOM PARTY,53,39 - 59,Male
ZANDILE JOY MNDAWENI,KWAZULU-NATAL,INKATHA FREEDOM PARTY,47,39 - 59,Female
SEZIKHONA REJOYCE SOKHULU,KWAZULU-NATAL,INKATHA FREEDOM PARTY,28,less than 39,Female
PHILANJALO ZULU,KWAZULU-NATAL,INKATHA FREEDOM PARTY,38,less than 39,Male
ZWELOMBANGO ERIC KHOZA,KWAZULU-NATAL,INKATHA FREEDOM PARTY,54,39 - 59,Male
SIPHAKEME PHILA BUTHELEZI,KWAZULU-NATAL,INKATHA FREEDOM PARTY,35,less than 39,Male
ALSON MBATHA,KWAZULU-NATAL,INKATHA FREEDOM PARTY,39,39 - 59,Male
MHLABUNZIMA RONALD BHENGU,KWAZULU-NATAL,INKATHA FREEDOM PARTY,51,39 - 59,Male
THOKOZANE SABELO MDLULI,KWAZULU-NATAL,INKATHA FREEDOM PARTY,34,less than 39,Male
KHEHLA JOSEPH KHESWA,KWAZULU-NATAL,INKATHA FREEDOM PARTY,71,60 - 79,Male
BHEKINKOSI MBONGENI NGWANE,KWAZULU-NATAL,INKATHA FREEDOM PARTY,44,39 - 59,Male
BHEKABANTU CHRISTOPHER KHUZWAYO,KWAZULU-NATAL,INKATHA FREEDOM PARTY,41,39 - 59,Male
MKHETHENI BETHUEL MTHIYANE,KWAZULU-NATAL,INKATHA FREEDOM PARTY,64,60 - 79,Male
MKHULISENI MNTAMBO,KWAZULU-NATAL,INKATHA FREEDOM PARTY,27,less than 39,Male
QEDUSIZI QAMBESHILO BUTHELEZI,KWAZULU-NATAL,INKATHA FREEDOM PARTY,38,less than 39,Male
SIBUSISO VELENKOSINI MATHABELA,KWAZULU-NATAL,INKATHA FREEDOM PARTY,34,less than 39,Male
JABULANI RICHARD SIBIYA,MPUMALANGA,INKATHA FREEDOM PARTY,40,39 - 59,Male
MAXWELL SANDLESIHLE MOSES 5602 SIBIYA,MPUMALANGA,INKATHA FREEDOM PARTY,84,80 and over,Female
HLENGIWE ANTONIA MNCUBE,MPUMALANGA,INKATHA FREEDOM PARTY,39,39 - 59,Female
ZANELE PRISCA GLORIAN MTHIMUNYE,MPUMALANGA,INKATHA FREEDOM PARTY,40,39 - 59,Female
JOEL TOKOZANI HLATSHWAYO,MPUMALANGA,INKATHA FREEDOM PARTY,52,39 - 59,Male
THATHOKWAKHE EDWARD PHAKATHI,NORTHERN CAPE,INKATHA FREEDOM PARTY,39,39 - 59,Male
NQATHO ELIAS GABUZA,NORTHERN CAPE,INKATHA FREEDOM PARTY,52,39 - 59,Male
LOUIS SHIKOBELA CHRISTMAS HLATSHWAYO,LIMPOPO,INKATHA FREEDOM PARTY,69,60 - 79,Male
ALETTA MATHUMBU,LIMPOPO,INKATHA FREEDOM PARTY,34,less than 39,Female
MICHAEL ESSEU MKHONTO,LIMPOPO,INKATHA FREEDOM PARTY,26,less than 39,Male
SHARON MOKOENA,LIMPOPO,INKATHA FREEDOM PARTY,25,less than 39,Female
RIVEEN EUNICE MOKOENA,LIMPOPO,INKATHA FREEDOM PARTY,31,less than 39,Female
ADVICE VICENT NDLOVU,LIMPOPO,INKATHA FREEDOM PARTY,26,less than 39,Male
TINYIKO NDUBANE,LIMPOPO,INKATHA FREEDOM PARTY,29,less than 39,Female
SONTY GOODNESS SITHOLE,LIMPOPO,INKATHA FREEDOM PARTY,28,less than 39,Female
NOKUTHULA VICTORIA CETYANA,NORTH WEST,INKATHA FREEDOM PARTY,31,less than 39,Female
AGNES MOTABOGI,NORTH WEST,INKATHA FREEDOM PARTY,35,less than 39,Female
RABI REBECCA KWENA,NORTH WEST,INKATHA FREEDOM PARTY,46,39 - 59,Female
ANDILE SHADRACK DASSIE,NORTH WEST,INKATHA FREEDOM PARTY,40,39 - 59,Male
MTHETHELELI HOBE,NORTH WEST,INKATHA FREEDOM PARTY,46,39 - 59,Male
PONTSHO AGNES MQAMELO,NORTH WEST,INKATHA FREEDOM PARTY,38,less than 39,Female
MANANA JOYCE SELAPISA,NORTH WEST,INKATHA FREEDOM PARTY,37,less than 39,Female
CHAFIK JAMARI,WESTERN CAPE,INKATHA FREEDOM PARTY,39,39 - 59,Male
RICARDO SEDRES,WESTERN CAPE,INKATHA FREEDOM PARTY,28,less than 39,Male
PHANGWENI SARAH MABUNDA,GAUTENG,MOVEMENT DEMOCRATIC PARTY,56,39 - 59,Female
KHAZAMULA ELIAS BILA,LIMPOPO,MOVEMENT DEMOCRATIC PARTY,48,39 - 59,Male
JOSEPH ISAKA TLHOAELE,NORTH WEST,MOVEMENT DEMOCRATIC PARTY,39,39 - 59,Male
RICHARD JOHN PETERSEN,EASTERN CAPE,NATIONAL DEMOCRATIC CONVENTION,48,39 - 59,Male
THEMBA FREDDY MBUTHO,FREE STATE,NATIONAL DEMOCRATIC CONVENTION,52,39 - 59,Male
BENNETT NGAKANANI NKABINDE,GAUTENG,NATIONAL DEMOCRATIC CONVENTION,47,39 - 59,Male
SIBUSISO ERIC NDLELA,KWAZULU-NATAL,NATIONAL DEMOCRATIC CONVENTION,46,39 - 59,Male
OBAKENG NICOLUS MOOKI,MPUMALANGA,NATIONAL DEMOCRATIC CONVENTION,31,less than 39,Male
OUPA KHAILEP RAKUBA,NORTH WEST,NATIONAL DEMOCRATIC CONVENTION,53,39 - 59,Male
MABLE TLOU SETJIE,EASTERN CAPE,NEW VISION PARTY,28,less than 39,Female
MORENA JOSEPH MAHAMOTSA,EASTERN CAPE,NEW VISION PARTY,54,39 - 59,Male
ESAIA MOTLOUNG,FREE STATE,NEW VISION PARTY,60,60 - 79,Male
MODIKE DINAH PHASHA,FREE STATE,NEW VISION PARTY,30,less than 39,Female
CHRISTINAH MOSHIANE MABOGOANE,FREE STATE,NEW VISION PARTY,30,less than 39,Female
MATOME ISAAC MANOKWANA,FREE STATE,NEW VISION PARTY,29,less than 39,Male
SELLO WILLIS MOKOENA,FREE STATE,NEW VISION PARTY,44,39 - 59,Male
THOKO WELHEMINAH MAENETJA,FREE STATE,NEW VISION PARTY,38,less than 39,Female
KOENA WILSON MOLOPE,FREE STATE,NEW VISION PARTY,42,39 - 59,Male
MAKOENA JERRY SEEMA,FREE STATE,NEW VISION PARTY,46,39 - 59,Male
MANKHOLO JOSEPH LEDWABA,FREE STATE,NEW VISION PARTY,58,39 - 59,Male
HAROLD PHUTI MPJANA,FREE STATE,NEW VISION PARTY,38,less than 39,Male
SONTAGA CONTY LEBEPE,GAUTENG,NEW VISION PARTY,26,less than 39,Male
MASEFAKO CAROL MAKGABO,GAUTENG,NEW VISION PARTY,46,39 - 59,Female
TSHIVHANGWAHO ROBERT RAMADI,KWAZULU-NATAL,NEW VISION PARTY,59,39 - 59,Male
ROBERT MASHUDI RAMADI,KWAZULU-NATAL,NEW VISION PARTY,28,less than 39,Male
MAKOSHA CONFIDENCE PHOOKO,KWAZULU-NATAL,NEW VISION PARTY,34,less than 39,Female
SEGABELWANE PHILEMON RAMOGAYANA,KWAZULU-NATAL,NEW VISION PARTY,52,39 - 59,Male
NGWANAMABOWANE RAMOGAYANA,KWAZULU-NATAL,NEW VISION PARTY,35,less than 39,Female
MALESELA EPHRAIM LEKGOTHOANE,MPUMALANGA,NEW VISION PARTY,41,39 - 59,Male
MMAMONAKE EVA TSHEBESEBE,MPUMALANGA,NEW VISION PARTY,50,39 - 59,Female
MATSOBANE PHILIPUS MELLO,MPUMALANGA,NEW VISION PARTY,57,39 - 59,Male
RAMASELA MARTHA MALLA,MPUMALANGA,NEW VISION PARTY,45,39 - 59,Female
LULU CAROLINE MOROPA,MPUMALANGA,NEW VISION PARTY,36,less than 39,Female
LESIBA HENDRICK BALOYI,MPUMALANGA,NEW VISION PARTY,32,less than 39,Male
MMAPITSI LESTERINA LETSOALO,MPUMALANGA,NEW VISION PARTY,26,less than 39,Female
LESIBA EDWARD KOTLOLO,MPUMALANGA,NEW VISION PARTY,29,less than 39,Male
MADIMETJA GEOFFREY MOLOMO,MPUMALANGA,NEW VISION PARTY,41,39 - 59,Male
KGABO JUSTINOS MOKOELE,NORTHERN CAPE,NEW VISION PARTY,32,less than 39,Male
REBOTILE MATSHENGWANE MASHILO,NORTHERN CAPE,NEW VISION PARTY,28,less than 39,Female
POKA MERIAM CHAUKE,NORTHERN CAPE,NEW VISION PARTY,26,less than 39,Female
SENGANGELE DAPHNEY DIGASHU,NORTHERN CAPE,NEW VISION PARTY,32,less than 39,Female
MATSOBANE HENDRICK LEHUTSO,NORTHERN CAPE,NEW VISION PARTY,68,60 - 79,Male
CHUENE ANDRIES MABALA,NORTHERN CAPE,NEW VISION PARTY,48,39 - 59,Male
MZAMANE WILLIAM MASHELE,NORTHERN CAPE,NEW VISION PARTY,54,39 - 59,Male
RAMATSOBANE DAISY SEBUA,NORTHERN CAPE,NEW VISION PARTY,49,39 - 59,Female
MACHOENE MARTIN SEPHOKA,NORTHERN CAPE,NEW VISION PARTY,40,39 - 59,Male
PHU SOLOMON NGWEPE,LIMPOPO,NEW VISION PARTY,67,60 - 79,Male
NGAKO DAVID SETJIE,LIMPOPO,NEW VISION PARTY,46,39 - 59,Male
MOSIMA MELINE BOPAPE,LIMPOPO,NEW VISION PARTY,47,39 - 59,Female
MOTSWAKO JAMES MALAPANE,LIMPOPO,NEW VISION PARTY,50,39 - 59,Male
MALAYA WINNIE MOABELO,LIMPOPO,NEW VISION PARTY,38,less than 39,Female
LINAH MMAPELA MAUPI,LIMPOPO,NEW VISION PARTY,36,less than 39,Female
MOKGANYETSE ANNAH BAPELA,LIMPOPO,NEW VISION PARTY,55,39 - 59,Female
RAMAESELA SINAH NCHABELENG,LIMPOPO,NEW VISION PARTY,47,39 - 59,Female
TOLOKA SAMUEL MASHILO,LIMPOPO,NEW VISION PARTY,33,less than 39,Male
MAKUPANE EVA MASHILO,LIMPOPO,NEW VISION PARTY,39,39 - 59,Female
MACHOENE MARIA MAHWIBILA,LIMPOPO,NEW VISION PARTY,38,less than 39,Female
RAMASELA STEPHINA RAKOBELA,LIMPOPO,NEW VISION PARTY,28,less than 39,Female
MALEFO DORA MALATJI,LIMPOPO,NEW VISION PARTY,38,less than 39,Female
KGABO ABSINAH MOJELA,LIMPOPO,NEW VISION PARTY,37,less than 39,Female
JEFFREY FOURRIE MALATJI,LIMPOPO,NEW VISION PARTY,35,less than 39,Male
KGAUGELO MARIA MOLEYA,LIMPOPO,NEW VISION PARTY,36,less than 39,Female
MAHLODI CYLIA SEOPANE,LIMPOPO,NEW VISION PARTY,26,less than 39,Female
SETLABO JUDAS MAKGOBA,LIMPOPO,NEW VISION PARTY,23,less than 39,Male
MAPULA MERIAM RAMORASWI,LIMPOPO,NEW VISION PARTY,47,39 - 59,Female
HULLEKEN MATLOU PHASHA,LIMPOPO,NEW VISION PARTY,35,less than 39,Female
SERUWE LYTTON NTLADI,LIMPOPO,NEW VISION PARTY,51,39 - 59,Male
MAKELEPE ALFRED THOBANE,LIMPOPO,NEW VISION PARTY,38,less than 39,Male
KEABETSWE DORCUS MAIFO,LIMPOPO,NEW VISION PARTY,43,39 - 59,Female
MPHEGWANA DIANAH MOKWANA,LIMPOPO,NEW VISION PARTY,36,less than 39,Female
MAIME VINCENT MAESELA,LIMPOPO,NEW VISION PARTY,32,less than 39,Male
RALETJATJI WILLIAM MPHAHLELE,LIMPOPO,NEW VISION PARTY,32,less than 39,Male
MASILO PATRICK SETJIE,LIMPOPO,NEW VISION PARTY,23,less than 39,Male
PHINA MASHOTSA,LIMPOPO,NEW VISION PARTY,20,less than 39,Female
MAPOTLE AGNES MAHLAGAUME,LIMPOPO,NEW VISION PARTY,36,less than 39,Female
FLORAH WELLEMINAH BALOYI-MABASA,LIMPOPO,NEW VISION PARTY,39,39 - 59,Female
PETRUS MAPHALE SHAKU,LIMPOPO,NEW VISION PARTY,47,39 - 59,Male
HUNADI EMARIEL NCHABELENG,LIMPOPO,NEW VISION PARTY,31,less than 39,Female
LIVHUANI ELVIS MADZUVHANI,LIMPOPO,NEW VISION PARTY,24,less than 39,Male
ELIZABETH MMATHETE MOLOKOMME,LIMPOPO,NEW VISION PARTY,31,less than 39,Female
MAVIS MOKGADI MAHUMA,LIMPOPO,NEW VISION PARTY,30,less than 39,Female
MAHLODI SUZAN MANTHATA,LIMPOPO,NEW VISION PARTY,38,less than 39,Female
MANXWALO JANE MASEMOLA,LIMPOPO,NEW VISION PARTY,50,39 - 59,Female
MORETE EVELINE RAMASHALA,LIMPOPO,NEW VISION PARTY,36,less than 39,Female
MALESELA HARRY MARAKALLA,LIMPOPO,NEW VISION PARTY,66,60 - 79,Male
ISAAC MATSOBANE BOYA,LIMPOPO,NEW VISION PARTY,37,less than 39,Male
MABALA MOLLET PHOGOLE,LIMPOPO,NEW VISION PARTY,45,39 - 59,Male
MAFEMANI THOMAS BALOYI,LIMPOPO,NEW VISION PARTY,38,less than 39,Male
KHAUKANANI MUTHUMUNI,LIMPOPO,NEW VISION PARTY,36,less than 39,Male
BERNARD RASIMPHI,LIMPOPO,NEW VISION PARTY,23,less than 39,Male
VICTORIA PHOLISI SELOLO,LIMPOPO,NEW VISION PARTY,41,39 - 59,Female
NKGAPI MONICA MOGALE,LIMPOPO,NEW VISION PARTY,37,less than 39,Female
COLLEN BALOYI,LIMPOPO,NEW VISION PARTY,23,less than 39,Male
KATISHI JIMMY KOMANE,LIMPOPO,NEW VISION PARTY,40,39 - 59,Male
MATSEBE HARRISON MABOTHA,LIMPOPO,NEW VISION PARTY,41,39 - 59,Male
MMANOKO UNITY GENEVEEVE KGAFFE,NORTH WEST,NEW VISION PARTY,27,less than 39,Female
CHAINEY ELIAS MAKGOATHANE,NORTH WEST,NEW VISION PARTY,59,39 - 59,Male
HIOPEGO MARIA LEOLA,NORTH WEST,NEW VISION PARTY,26,less than 39,Female
CAROLINE MATSHIDISO MOATSHE,NORTH WEST,NEW VISION PARTY,44,39 - 59,Female
RAMADIMETJA SOPHY MARAKALALA,NORTH WEST,NEW VISION PARTY,27,less than 39,Female
MASAKANENG KHOMOTSO LEPHOTO,NORTH WEST,NEW VISION PARTY,34,less than 39,Female
MMULE EPHENIAH KGATLE,NORTH WEST,NEW VISION PARTY,51,39 - 59,Female
MOTEBEDI WILLIAM MASHAMAITE,NORTH WEST,NEW VISION PARTY,58,39 - 59,Male
NOMANGESI GLORIA NYAKAMBI,WESTERN CAPE,NEW VISION PARTY,40,39 - 59,Female
PHATHISWA NCUKANA,WESTERN CAPE,NEW VISION PARTY,41,39 - 59,Female
SEBENZILE SEMZINI JUSTICE MTULI,WESTERN CAPE,NEW VISION PARTY,26,less than 39,Male
MAVKIND VUKUZA GCINUMZI MTULI,WESTERN CAPE,NEW VISION PARTY,24,less than 39,Male
PRINCESS NOMONDE MDLOKOLO,WESTERN CAPE,NEW VISION PARTY,61,60 - 79,Female
RAISIBE DINA LANGA,WESTERN CAPE,NEW VISION PARTY,56,39 - 59,Female
RAESETJA NERIA MPHELA,WESTERN CAPE,NEW VISION PARTY,40,39 - 59,Female
RAMEASELA MARY KEKANA,WESTERN CAPE,NEW VISION PARTY,69,60 - 79,Female
MOTLANALO CAROLINE MANAMELA,WESTERN CAPE,NEW VISION PARTY,36,less than 39,Female
MALESELA ANDRIES MEHLAPE,WESTERN CAPE,NEW VISION PARTY,35,less than 39,Male
PATEKILE ALBERT KALIPA,EASTERN CAPE,PAN AFRICANIST CONGRESS OF AZANIA,66,60 - 79,Male
MOEKETSI HENDREY MATSOBANE,FREE STATE,PAN AFRICANIST CONGRESS OF AZANIA,35,less than 39,Male
DISENTE THOMAS RAMATSWI,GAUTENG,PAN AFRICANIST CONGRESS OF AZANIA,43,39 - 59,Male
SIPHO JOHANNES SWELINKOMO,GAUTENG,PAN AFRICANIST CONGRESS OF AZANIA,32,less than 39,Male
NELSON FEZEKILE NTULO,KWAZULU-NATAL,PAN AFRICANIST CONGRESS OF AZANIA,48,39 - 59,Male
SEROPANE SENYANE ALTON MPHETHI,MPUMALANGA,PAN AFRICANIST CONGRESS OF AZANIA,43,39 - 59,Male
JABULANI AMOS MAOLELE,MPUMALANGA,PAN AFRICANIST CONGRESS OF AZANIA,40,39 - 59,Male
JONGIKAYA GWE,NORTHERN CAPE,PAN AFRICANIST CONGRESS OF AZANIA,38,less than 39,Male
MAGEZI STEVEN MALULEKE,LIMPOPO,PAN AFRICANIST CONGRESS OF AZANIA,43,39 - 59,Male
OMPHEMETSE KEVIN BAREKI,NORTH WEST,PAN AFRICANIST CONGRESS OF AZANIA,27,less than 39,Male
MIZUVUKILE SAMUEL SOMPETA,WESTERN CAPE,PAN AFRICANIST CONGRESS OF AZANIA,42,39 - 59,Male
THOMAS NGWANE,WESTERN CAPE,PAN AFRICANIST CONGRESS OF AZANIA,55,39 - 59,Male
ZIMASA MATYUNJWA,EASTERN CAPE,PAN AFRICANIST MOVEMENT,38,less than 39,Male
NOMBULELO TABITA SOLUNDWANA,GAUTENG,PAN AFRICANIST MOVEMENT,63,60 - 79,Female
SEABATA AZAEL MAKUBO,KWAZULU-NATAL,PAN AFRICANIST MOVEMENT,40,39 - 59,Male
THABO SAFRED MANAMELA,NORTH WEST,PAN AFRICANIST MOVEMENT,62,60 - 79,Male
MONWABISI MACTIGUE MAGADLA,WESTERN CAPE,PAN AFRICANIST MOVEMENT,37,less than 39,Male
SIBUSISO PETROS NZUZA,KWAZULU-NATAL,SOUTH AFRICAN DEMOCRATIC CONGRESS,43,39 - 59,Male
MZWANDILE JAMES MDODANA,EASTERN CAPE,UNITED CHRISTIAN DEMOCRATIC PARTY,46,39 - 59,Male
RABANNYE HERRY WILSON MELAMU,FREE STATE,UNITED CHRISTIAN DEMOCRATIC PARTY,62,60 - 79,Male
BENJAMIN JEREMIAH MASILO,GAUTENG,UNITED CHRISTIAN DEMOCRATIC PARTY,62,60 - 79,Male
TEBOGO EPHRAIM MOTLOUNG,GAUTENG,UNITED CHRISTIAN DEMOCRATIC PARTY,32,less than 39,Male
MESHACK LEBONE PHAGE,GAUTENG,UNITED CHRISTIAN DEMOCRATIC PARTY,55,39 - 59,Male
MMAPULE REBECCA MAATSANA,GAUTENG,UNITED CHRISTIAN DEMOCRATIC PARTY,63,60 - 79,Female
THABISO JONATHAN MOALUSI,KWAZULU-NATAL,UNITED CHRISTIAN DEMOCRATIC PARTY,55,39 - 59,Male
MODIRAPULA PATRICK MOKOMELE,NORTHERN CAPE,UNITED CHRISTIAN DEMOCRATIC PARTY,52,39 - 59,Male
LANGANANI SAMUEL SIMALI,LIMPOPO,UNITED CHRISTIAN DEMOCRATIC PARTY,43,39 - 59,Male
IPUSENG CELIA DITSHETELO,NORTH WEST,UNITED CHRISTIAN DEMOCRATIC PARTY,67,60 - 79,Female
ANTHONIA ANDRECIA LE HOE,WESTERN CAPE,UNITED CHRISTIAN DEMOCRATIC PARTY,38,less than 39,Female
BONGA MNGUPANE,WESTERN CAPE,UNITED CHRISTIAN DEMOCRATIC PARTY,24,less than 39,Male
LENNOX BOGEN GAEHLER,EASTERN CAPE,UNITED DEMOCRATIC MOVEMENT,58,39 - 59,Male
KHAYALETHU TATANI,EASTERN CAPE,UNITED DEMOCRATIC MOVEMENT,36,less than 39,Male
SIMON WELANI SAULE,FREE STATE,UNITED DEMOCRATIC MOVEMENT,44,39 - 59,Male
JOSÄ FERNANDO BARRADAS,GAUTENG,UNITED DEMOCRATIC MOVEMENT,48,39 - 59,Male
SIDNEY LAMYENI MAJIYEZI,GAUTENG,UNITED DEMOCRATIC MOVEMENT,51,39 - 59,Male
MUHAMMAD ISMAIL OMAR,KWAZULU-NATAL,UNITED DEMOCRATIC MOVEMENT,40,39 - 59,Male
ZACARIA VUSI NGOMANE,MPUMALANGA,UNITED DEMOCRATIC MOVEMENT,47,39 - 59,Male
ZOLISA LAVISA,NORTHERN CAPE,UNITED DEMOCRATIC MOVEMENT,62,60 - 79,Male
AVHASEI EDWARD RAMUDINGANE,LIMPOPO,UNITED DEMOCRATIC MOVEMENT,53,39 - 59,Male
STOFFEL RAPULA MOSEBO,NORTH WEST,UNITED DEMOCRATIC MOVEMENT,54,39 - 59,Male
DUMISANI LIVINGSTONE XIMBI,WESTERN CAPE,UNITED DEMOCRATIC MOVEMENT,49,39 - 59,Male
MATOME JOEL MALATJI,LIMPOPO,UNITED INDEPENDENT FRONT,43,39 - 59,Male
PILOT SKOFULA NKOSI,LIMPOPO,UNITED INDEPENDENT FRONT,35,less than 39,Male
NOMBASA BENEDICTA MHLATI,WESTERN CAPE,UNITED INDEPENDENT FRONT,39,39 - 59,Female
PETRUS JOHANNES JAKOBUS JONKER,EASTERN CAPE,VRYHEIDSFRONT PLUS,42,39 - 59,Male
ALMARI STRYDOM,FREE STATE,VRYHEIDSFRONT PLUS,23,less than 39,Female
FREDERIK GERHARDUS WOLMARANS,GAUTENG,VRYHEIDSFRONT PLUS,70,60 - 79,Male
LOUWRETTA MARYNA JACOBS,GAUTENG,VRYHEIDSFRONT PLUS,50,39 - 59,Female
MARCUS CHRISTIAAN PAWSON,GAUTENG,VRYHEIDSFRONT PLUS,23,less than 39,Male
FREDERIK WILHELMUS VAN WYK,GAUTENG,VRYHEIDSFRONT PLUS,50,39 - 59,Male
JOHANNA CATHERINA SNYMAN,GAUTENG,VRYHEIDSFRONT PLUS,46,39 - 59,Female
JAN ALBERTUS STEENKAMP,GAUTENG,VRYHEIDSFRONT PLUS,63,60 - 79,Male
CASPER FRANCOIS CALITZ,KWAZULU-NATAL,VRYHEIDSFRONT PLUS,46,39 - 59,Male
CORNELIA PETRONELLA VENTER,KWAZULU-NATAL,VRYHEIDSFRONT PLUS,59,39 - 59,Female
JOHAN DIETLOF AEGIDIUS BLIGNAUT,MPUMALANGA,VRYHEIDSFRONT PLUS,57,39 - 59,Male
BERNARD HARLEY,MPUMALANGA,VRYHEIDSFRONT PLUS,65,60 - 79,Male
HESTER MARGARETHA DU PLESSIS,NORTHERN CAPE,VRYHEIDSFRONT PLUS,24,less than 39,Female
WILLIAM JAMES MARKRAM,NORTHERN CAPE,VRYHEIDSFRONT PLUS,62,60 - 79,Male
JOHANNES GERHARDUS STANDER,NORTHERN CAPE,VRYHEIDSFRONT PLUS,60,60 - 79,Male
LOUIS GUSTAVUS TRICHARDT,LIMPOPO,VRYHEIDSFRONT PLUS,74,60 - 79,Male
LIZA NEL,LIMPOPO,VRYHEIDSFRONT PLUS,24,less than 39,Female
JOHANNES FRANCOIS SCHUTTE,NORTH WEST,VRYHEIDSFRONT PLUS,66,60 - 79,Male
JACOB DIEDERIK SMIT,WESTERN CAPE,VRYHEIDSFRONT PLUS,63,60 - 79,Male
ANTHONY PENDERIS,National,A PARTY,57,39 - 59,Male
JEREMIAH KEKANA,National,A PARTY,47,39 - 59,Male
THEMBINKOSI MASINGA,National,A PARTY,35,less than 39,Male
MARIA LOUISA CARTER,National,A PARTY,67,60 - 79,Female
MZWANELE ZULU,National,A PARTY,35,less than 39,Male
TSHIFHIWA SAMUEL MAKHALE,National,A PARTY,51,39 - 59,Male
GERT PETRUS ALBERTUS BOOYSEN,National,A PARTY,57,39 - 59,Male
SHARON PATRICIA PENDERIS,National,A PARTY,58,39 - 59,Female
EMILE LOUW JOUBERT,National,A PARTY,46,39 - 59,Male
ALMA DU PLESSIS,National,A PARTY,45,39 - 59,Female
NAOMI HENRIETTA MALGAS,National,A PARTY,37,less than 39,Female
MASILONYONE PAULUS PAKATITA,National,A PARTY,63,60 - 79,Male
BAWINILE WINNIE CHAVUMA,National,A PARTY,36,less than 39,Female
ALEYMARIA MALEFU MAQENA-POTSANE,National,A PARTY,51,39 - 59,Female
WILLIAM MBAZIMA MAPALWENI,National,A PARTY,34,less than 39,Male
LYDIA MOKOENA,National,A PARTY,31,less than 39,Female
MAPITLE SAMUEL MHLANGA,National,A PARTY,58,39 - 59,Male
MANONI MONYAI,National,A PARTY,65,60 - 79,Female
BETTY SELLO,National,A PARTY,76,60 - 79,Female
AGNES CHAUKE,National,A PARTY,46,39 - 59,Female
TSHIMANGADZO ISAAC MAKHALE,National,A PARTY,27,less than 39,Male
LESIBA TIGH LEBELO,National,A PARTY,49,39 - 59,Male
STANLEY VAN DER BERG,National,A PARTY,59,39 - 59,Male
ROSELINE NKOSI,National,A PARTY,65,60 - 79,Female
MARGARET ANN MCGREGOR GIARDINI,National,A PARTY,52,39 - 59,Female
MUDZUNGA MULALO MAFADZA,National,A PARTY,24,less than 39,Female
TSHILIDZI GRACE KHARIBE,National,A PARTY,44,39 - 59,Female
MASHUDU SYLVIA MADZUHE,National,A PARTY,37,less than 39,Female
AZWINNDINI PATRICK NEVHUFUMBA,National,A PARTY,42,39 - 59,Male
AVHAPFANI STANLEY RATSHILUMELA,National,A PARTY,34,less than 39,Male
SIMPHIWE KAGISO XOLANI SEGAETSHO,National,A PARTY,28,less than 39,Male
NIMROD MAZIZI FIGLAN,National,A PARTY,47,39 - 59,Male
AVHASEI DORAH MUNZHELELE,National,A PARTY,34,less than 39,Female
THANYANI TSHIVHASE,National,A PARTY,28,less than 39,Female
MLUNGISI DANIEL TSEDU,National,A PARTY,51,39 - 59,Male
CHARLES WINSTON BOYLES,National,A PARTY,49,39 - 59,Male
LAWSON DOUGLAS CRAVEN,National,A PARTY,57,39 - 59,Male
THERESA ANN BOYLES,National,A PARTY,51,39 - 59,Female
SIDNEY MNCEDISI MBALO,National,A PARTY,45,39 - 59,Male
LUTANDO NDABAMBI,National,A PARTY,32,less than 39,Male
NOMPUMELELO POTWANA,National,A PARTY,25,less than 39,Female
GLORY MUTUVHIWA MADZUHE,National,A PARTY,27,less than 39,Female
MUOFHE JEANETH MUKWEVHO,National,A PARTY,32,less than 39,Female
AZWIHANGWISI MARCIA NEMARANZHE,National,A PARTY,28,less than 39,Female
MAANDA MICHAEL MATHOHO,National,A PARTY,25,less than 39,Male
CLIFFORD ADVICE MKHONTO,National,A PARTY,28,less than 39,Male
NTHAMBELENI MAVIS MAKHWATHANI,National,A PARTY,50,39 - 59,Female
BETTY RANDIMA,National,A PARTY,19,less than 39,Female
RUDZANI GOGORO,National,A PARTY,28,less than 39,Female
LIVHUWANI JEREMIAH MUKWEVHO,National,A PARTY,35,less than 39,Male
AVHASHONI JEFFREY MAKHWATHANE,National,A PARTY,24,less than 39,Male
AZWIHANGWISI GLADYS RATSHILUMELA,National,A PARTY,52,39 - 59,Female
MAKONDELELE KENNETH THEMELI,National,A PARTY,44,39 - 59,Male
NDILENI EDWIN RATSHILUMELA,National,A PARTY,57,39 - 59,Male
NKHUMELELNI AGNES MUDUBU,National,A PARTY,34,less than 39,Female
TSHILILO GEORGE RAMMETHELI,National,A PARTY,57,39 - 59,Male
THEMELI JOHN SINGO,National,A PARTY,52,39 - 59,Male
KANAKANA SALPHINA NEMARANZHE,National,A PARTY,29,less than 39,Female
MMBOSWOBENI SALTHIEL MATAMELA,National,A PARTY,30,less than 39,Male
KENNETH RASELABE JOSEPH MESHOE,National,AFRICAN CHRISTIAN DEMOCRATIC PARTY,55,39 - 59,Male
RENEN VAN NIEKERK,National,AFRICAN CHRISTIAN DEMOCRATIC PARTY,50,39 - 59,Male
BUSISIWE HELEN BALOYI,National,AFRICAN CHRISTIAN DEMOCRATIC PARTY,55,39 - 59,Female
CHARLES MATSOBANE GOLOLO,National,AFRICAN CHRISTIAN DEMOCRATIC PARTY,51,39 - 59,Male
TANKISO JOHANNES VILAKAZI,National,AFRICAN CHRISTIAN DEMOCRATIC PARTY,33,less than 39,Male
DAVID LLEWELLYN FRITZ,National,AFRICAN CHRISTIAN DEMOCRATIC PARTY,46,39 - 59,Male
MMATSHOENE SOLOMON MABOYA,National,AFRICAN CHRISTIAN DEMOCRATIC PARTY,43,39 - 59,Male
MOLATLHEGI REUBEN SENOKWANE,National,AFRICAN CHRISTIAN DEMOCRATIC PARTY,35,less than 39,Male
SELLO PETRUS LEFINE,National,AFRICAN CHRISTIAN DEMOCRATIC PARTY,34,less than 39,Male
MARIAH LEMPE,National,AFRICAN CHRISTIAN DEMOCRATIC PARTY,34,less than 39,Female
CHARL FRANCOIS VAN WYK,National,AFRICAN CHRISTIAN DEMOCRATIC PARTY,60,60 - 79,Male
TILA ELIZABETH MAGANYANE,National,AFRICAN CHRISTIAN DEMOCRATIC PARTY,55,39 - 59,Female
PHUTI PIET CHOSHI,National,AFRICAN CHRISTIAN DEMOCRATIC PARTY,47,39 - 59,Male
BAITSENG LILLIAN NTEMBE,National,AFRICAN CHRISTIAN DEMOCRATIC PARTY,47,39 - 59,Female
GWENDOLINE ROCHELLE NEL,National,AFRICAN CHRISTIAN DEMOCRATIC PARTY,35,less than 39,Female
RAYMOND XAZANA,National,AFRICAN CHRISTIAN DEMOCRATIC PARTY,26,less than 39,Male
JACOB GEDLEYIHLEKISA ZUMA,National,AFRICAN NATIONAL CONGRESS,67,60 - 79,Male
NOZIZWE CHARLOTTE ROUTLEDGE,National,AFRICAN NATIONAL CONGRESS,57,39 - 59,Female
ENOCH GODONGWANA,National,AFRICAN NATIONAL CONGRESS,52,39 - 59,Male
SUSAN COMBER VAN DER MERWE,National,AFRICAN NATIONAL CONGRESS,55,39 - 59,Female
MATHUME JOSEPH PHAAHLA,National,AFRICAN NATIONAL CONGRESS,52,39 - 59,Male
MILDRED NELISIWE OLIPHANT,National,AFRICAN NATIONAL CONGRESS,50,39 - 59,Female
THEMBELANI WALTERMADE NXESI,National,AFRICAN NATIONAL CONGRESS,50,39 - 59,Male
MMAMOLOKO TRYPHOSA KUBAYI,National,AFRICAN NATIONAL CONGRESS,31,less than 39,Female
SIVAPRAGAS MARIMUTHU PILLAY,National,AFRICAN NATIONAL CONGRESS,50,39 - 59,Male
GERTROEDH SAAL,National,AFRICAN NATIONAL CONGRESS,44,39 - 59,Female
SIYABONGA CYPRIAN CWELE,National,AFRICAN NATIONAL CONGRESS,51,39 - 59,Male
ALEXIA ZINTLE NDLAZI,National,AFRICAN NATIONAL CONGRESS,54,39 - 59,Female
FEZILE BHENGU,National,AFRICAN NATIONAL CONGRESS,55,39 - 59,Male
LINDIWE CHRISTABOLA BEBEE,National,AFRICAN NATIONAL CONGRESS,53,39 - 59,Female
SABHINA ALETTA MANZINI,National,AFRICAN NATIONAL CONGRESS,37,less than 39,Female
JOEL MBHAZIMA SIBIYA,National,AFRICAN NATIONAL CONGRESS,56,39 - 59,Male
NELSON THEMBA GODI,National,AFRICAN PEOPLE'S CONVENTION,43,39 - 59,Male
MOLOKO MICHAEL MPOLOBOSHO,National,AFRICAN PEOPLE'S CONVENTION,40,39 - 59,Male
LUCKY HENDRICK DLAMINI,National,AFRICAN PEOPLE'S CONVENTION,46,39 - 59,Male
MUDADZHO WILLIE TSHIDADA,National,AFRICAN PEOPLE'S CONVENTION,39,39 - 59,Male
TANDUXOLO MBASA,National,AFRICAN PEOPLE'S CONVENTION,35,less than 39,Male
SIYABULELA MATEZA,National,AFRICAN PEOPLE'S CONVENTION,38,less than 39,Male
BONISIWE PRISCAH SIKHAKHANE,National,AFRICAN PEOPLE'S CONVENTION,23,less than 39,Female
MAMPSHE JACKSON SEKATIKE,National,AFRICAN PEOPLE'S CONVENTION,57,39 - 59,Male
MOGAMAD GANIEF EBRAHIM HENDRICKS,National,AL JAMA-AH,60,60 - 79,Male
ABDUL GAMIET FLACKS,National,AL JAMA-AH,60,60 - 79,Male
ABDURAGIEM ABDEROEF,National,AL JAMA-AH,53,39 - 59,Male
MOGAMAT BEDFORD,National,AL JAMA-AH,76,60 - 79,Male
ABDUL KARRIEM BEDFORD,National,AL JAMA-AH,49,39 - 59,Male
BIENIEYAMIEN ALEXANDER,National,AL JAMA-AH,61,60 - 79,Male
SULAIMAN ADAMS,National,AL JAMA-AH,62,60 - 79,Male
FIONA KHAN,National,AL JAMA-AH,45,39 - 59,Female
RADIFAI ENOS MODISANE,National,AL JAMA-AH,59,39 - 59,Male
THEMBA JOSEPH SONO,National,ALLIANCE OF FREE DEMOCRATS,67,60 - 79,Male
MOSIBUDI AARON MANGENA,National,AZANIAN PEOPLE'S ORGANISATION,62,60 - 79,Male
WINSOME NEFOLOVHODWE,National,AZANIAN PEOPLE'S ORGANISATION,46,39 - 59,Female
MONELO GEORGE BONGO,National,AZANIAN PEOPLE'S ORGANISATION,62,60 - 79,Male
RONALD MTHUTHUZELI MAKHASI,National,AZANIAN PEOPLE'S ORGANISATION,39,39 - 59,Male
KENALEMANG ANNA MOTHOBI,National,AZANIAN PEOPLE'S ORGANISATION,37,less than 39,Female
PITSI MATHEWS MALOBA,National,AZANIAN PEOPLE'S ORGANISATION,24,less than 39,Male
ZANEWONGA MOSES BEDENI,National,AZANIAN PEOPLE'S ORGANISATION,44,39 - 59,Male
CHUENE EDWARD MASHALANE,National,AZANIAN PEOPLE'S ORGANISATION,68,60 - 79,Male
CLEMENTINE MAKHOSAZANA SITHOLE,National,AZANIAN PEOPLE'S ORGANISATION,46,39 - 59,Female
VIRGINIA CONSTANCE ZIBUYILE KHUMALO,National,AZANIAN PEOPLE'S ORGANISATION,63,60 - 79,Female
KEVIN GRAHAM SOUTHGATE,National,CHRISTIAN DEMOCRATIC ALLIANCE,50,39 - 59,Male
CHARLES CECIL JACOBS,National,CHRISTIAN DEMOCRATIC ALLIANCE,61,60 - 79,Male
STANLEY LE FLEUR,National,CHRISTIAN DEMOCRATIC ALLIANCE,46,39 - 59,Male
CLIVE SAMUELS,National,CHRISTIAN DEMOCRATIC ALLIANCE,45,39 - 59,Male
RUNESIA ANTHEA HENDRICKS,National,CHRISTIAN DEMOCRATIC ALLIANCE,32,less than 39,Female
CHRISTY MARTIN JACOBS,National,CHRISTIAN DEMOCRATIC ALLIANCE,51,39 - 59,Male
JACO DIEDERIKS,National,CHRISTIAN DEMOCRATIC ALLIANCE,46,39 - 59,Male
MORGAN STANFORD DENNISON,National,CHRISTIAN DEMOCRATIC ALLIANCE,29,less than 39,Male
NOMVELO MNCINITO,National,CHRISTIAN DEMOCRATIC ALLIANCE,31,less than 39,Female
GRANVILLE FRANKLIN SMITH,National,CHRISTIAN DEMOCRATIC ALLIANCE,29,less than 39,Male
JANINE BRINTON,National,CHRISTIAN DEMOCRATIC ALLIANCE,32,less than 39,Female
AVERIL MARY RESNEKOV,National,CHRISTIAN DEMOCRATIC ALLIANCE,36,less than 39,Female
GERT JOHANNES VAN NIEKERK,National,CHRISTIAN DEMOCRATIC ALLIANCE,80,80 and over,Male
HAMILTON MVUMELWANO DANDALA,National,CONGRESS OF THE PEOPLE,58,39 - 59,Male
LEKOBA JACK TOLO,National,CONGRESS OF THE PEOPLE,61,60 - 79,Male
PATRICIA SIKHWIVHILU,National,CONGRESS OF THE PEOPLE,39,39 - 59,Female
PETRUS JACOBUS MARAIS,National,CONGRESS OF THE PEOPLE,66,60 - 79,Male
LIEVIE KEAN SHARPLEY,National,CONGRESS OF THE PEOPLE,63,60 - 79,Male
SHIRLEY MMATONKO MALAKANE,National,CONGRESS OF THE PEOPLE,52,39 - 59,Female
WAYNE ANDRE POSTHUMUS,National,CONGRESS OF THE PEOPLE,51,39 - 59,Male
MZWANDILE NELSON BULA,National,CONGRESS OF THE PEOPLE,54,39 - 59,Male
HLENGIWE OCTAVIA MAXON,National,CONGRESS OF THE PEOPLE,36,less than 39,Female
DINTOE PETRUS TAUNYANE,National,CONGRESS OF THE PEOPLE,54,39 - 59,Male
JOSHUA JAY MAISTRY,National,CONGRESS OF THE PEOPLE,36,less than 39,Male
MPHALELWA SHADRACK MOKHABUKHI,National,CONGRESS OF THE PEOPLE,47,39 - 59,Male
THELMA FIKILE PHOKOANE,National,CONGRESS OF THE PEOPLE,38,less than 39,Female
MASEFATSA BERNICE SEADE,National,CONGRESS OF THE PEOPLE,49,39 - 59,Female
GEORGE MZWAKHEFANA SITHOLE,National,CONGRESS OF THE PEOPLE,67,60 - 79,Male
TEBI DAVID KHOABANE,National,CONGRESS OF THE PEOPLE,49,39 - 59,Male
VINESH BHARATH CHUTURGOON,National,GREAT KONGRESS OF SOUTH AFRICA,49,39 - 59,Male
MOTLALEPULE FRANCINAH SHOMANG,National,GREAT KONGRESS OF SOUTH AFRICA,35,less than 39,Female
DIANNE GANESS,National,GREAT KONGRESS OF SOUTH AFRICA,31,less than 39,Female
PATRICIA DE LILLE,National,INDEPENDENT DEMOCRATS,58,39 - 59,Female
SOLANI PHANUEL GUDLHUZA,National,INDEPENDENT DEMOCRATS,50,39 - 59,Male
URSULA CORNELIA SWARTZ-NIEUWOUDT,National,INDEPENDENT DEMOCRATS,55,39 - 59,Female
AUBREY CLIVE SEDEMAN,National,INDEPENDENT DEMOCRATS,52,39 - 59,Male
NONTSIZI EUGINIA PLAATJIE,National,INDEPENDENT DEMOCRATS,32,less than 39,Female
KAGISO NORMAN GAOBOSIWE,National,INDEPENDENT DEMOCRATS,41,39 - 59,Male
UNITY CHARITY MASHIGO,National,INDEPENDENT DEMOCRATS,29,less than 39,Female
JAYANTH SUKRAJ,National,INDEPENDENT DEMOCRATS,47,39 - 59,Male
UNUS JOOSUB,National,INDEPENDENT DEMOCRATS,66,60 - 79,Male
ANNACLETA MAMPOLAI MOKGELEDI,National,INDEPENDENT DEMOCRATS,41,39 - 59,Female
RAPHEAL RALPH VAN DEN HEEVER,National,INDEPENDENT DEMOCRATS,44,39 - 59,Male
NTESENG ATHELIA MAKOFANE,National,INDEPENDENT DEMOCRATS,31,less than 39,Female
AZWINNDINI MERIAM MUSHANEKI,National,INDEPENDENT DEMOCRATS,57,39 - 59,Female
ABDURAGIEM STERRIS,National,INDEPENDENT DEMOCRATS,51,39 - 59,Male
MUKHETHONI DANIEL MATSA,National,INDEPENDENT DEMOCRATS,40,39 - 59,Male
BOIKHUTSO MARCUS RAKATANE,National,INDEPENDENT DEMOCRATS,35,less than 39,Male
MANGOSUTHU GATSHA BUTHELEZI,National,INKATHA FREEDOM PARTY,81,80 and over,Male
CHRISTIAN THEMBA MSIMANG,National,INKATHA FREEDOM PARTY,65,60 - 79,Male
MOLEEANE BEN SKOSANA,National,INKATHA FREEDOM PARTY,62,60 - 79,Male
MANGAQA ALBERT MNCWANGO,National,INKATHA FREEDOM PARTY,56,39 - 59,Male
MARIO GASPARE ORIANI-AMBROSINI,National,INKATHA FREEDOM PARTY,49,39 - 59,Male
SEENG PATRICIA NTANZI,National,INKATHA FREEDOM PARTY,32,less than 39,Female
CONSTANCE NTOMBIKAYISE ZIKALALA,National,INKATHA FREEDOM PARTY,70,60 - 79,Female
NONGOLOZA AMOS MASINA,National,INKATHA FREEDOM PARTY,63,60 - 79,Male
GCOBANI KALA,National,INKATHA FREEDOM PARTY,43,39 - 59,Male
SIKA LUCAS MOLOI,National,INKATHA FREEDOM PARTY,41,39 - 59,Male
SYBIL ANNE SEATON,National,INKATHA FREEDOM PARTY,61,60 - 79,Female
RUTH RABINOWITZ,National,INKATHA FREEDOM PARTY,66,60 - 79,Female
MDUDUZI ENOCK MASONDO,National,INKATHA FREEDOM PARTY,59,39 - 59,Male
PHILANI JABULANI BUTHELEZI,National,INKATHA FREEDOM PARTY,27,less than 39,Male
SIBUSISO LUCKY GUMBI,National,INKATHA FREEDOM PARTY,57,39 - 59,Male
MSHIYENI FRED MBELE,National,INKATHA FREEDOM PARTY,75,60 - 79,Male
MARIA TSHABALALA,National,INKATHA FREEDOM PARTY,27,less than 39,Female
MZONJANI MAXWELL SITHOLE,National,INKATHA FREEDOM PARTY,33,less than 39,Male
MONDLI SIYABONGA JELE,National,INKATHA FREEDOM PARTY,29,less than 39,Male
SIPHO ALPHEUS HADEBE,National,INKATHA FREEDOM PARTY,41,39 - 59,Male
BHEKAMINA SAMUEL GUMBI,National,INKATHA FREEDOM PARTY,35,less than 39,Male
MALETSEMA PAULINA SITHOLE,National,INKATHA FREEDOM PARTY,45,39 - 59,Female
MSHIYELENI WILSON NDWANDWE,National,INKATHA FREEDOM PARTY,44,39 - 59,Male
MSOLINI MUSAWENKOSI ZUBANE,National,INKATHA FREEDOM PARTY,66,60 - 79,Male
MABALANA WILLIAS SIBUYANA,National,INKATHA FREEDOM PARTY,76,60 - 79,Male
BONGANI LEONARD MWELI,National,INKATHA FREEDOM PARTY,45,39 - 59,Male
ZITHA PIET BUTHELEZI,National,INKATHA FREEDOM PARTY,43,39 - 59,Male
AMICHAND RAJBANSI,National,MINORITY FRONT,67,60 - 79,Male
ROYITH BALOO BHOOLA,National,MINORITY FRONT,45,39 - 59,Male
SHAMEEN THAKUR-RAJBANSI,National,MINORITY FRONT,45,39 - 59,Female
PATRICK PILLAY,National,MINORITY FRONT,42,39 - 59,Male
ISMAIL CASSIMJEE,National,MINORITY FRONT,38,less than 39,Male
AISHWAIN GOPAUL NAIR,National,MINORITY FRONT,48,39 - 59,Male
VIMMI RAMDAAS BACHU,National,MINORITY FRONT,40,39 - 59,Female
PRAGASAN PADAYACHEE,National,MINORITY FRONT,44,39 - 59,Male
BANPARKASH GIRDHARI,National,MINORITY FRONT,64,60 - 79,Male
ZANELE LADYFAIR GUMEDE,National,MINORITY FRONT,29,less than 39,Female
SENPRABHA STEFANIDIS,National,MINORITY FRONT,60,60 - 79,Female
KUMARI PADAYACHEE,National,MINORITY FRONT,43,39 - 59,Female
ANITHA RAMFOL,National,MINORITY FRONT,58,39 - 59,Female
ANSUYAHDEVI MOODLEY,National,MINORITY FRONT,49,39 - 59,Female
SUNKLAVATHY RAJBALLY,National,MINORITY FRONT,77,60 - 79,Female
GANGRAJ CHETTY,National,MINORITY FRONT,58,39 - 59,Male
RAMACHANDRAN RAMSAMY NAIDOO,National,MINORITY FRONT,48,39 - 59,Male
KHAYELIHLE JEREMIAH MYENDE,National,MINORITY FRONT,53,39 - 59,Male
MARIAM GOVENDER,National,MINORITY FRONT,41,39 - 59,Female
RADHIA BEE SINGH,National,MINORITY FRONT,58,39 - 59,Female
THULKANNA PALAN,National,MINORITY FRONT,76,60 - 79,Male
SHANE HANSRAJ,National,MINORITY FRONT,42,39 - 59,Male
DAVANAND SINGH,National,MINORITY FRONT,54,39 - 59,Male
SHRITHA BHOOLA,National,MINORITY FRONT,46,39 - 59,Female
PATRICIA KHOMO,National,MINORITY FRONT,33,less than 39,Female
ANANDAN NAIDOO,National,MINORITY FRONT,58,39 - 59,Male
SOONILALL KALICHARAN,National,MINORITY FRONT,43,39 - 59,Male
VANESHREE GOVENDER,National,MINORITY FRONT,28,less than 39,Female
NUNKUMAR RAJARAM,National,MINORITY FRONT,73,60 - 79,Male
MADHANLALL DASARATH,National,MINORITY FRONT,53,39 - 59,Male
JACOBUS TAPEDI MASEKA,National,MOVEMENT DEMOCRATIC PARTY,66,60 - 79,Male
RONALD RAMAJA MADIBA,National,MOVEMENT DEMOCRATIC PARTY,32,less than 39,Male
ASSAH MBATHA,National,NATIONAL DEMOCRATIC CONVENTION,58,39 - 59,Male
VUSI PETROS NSIBANDE,National,NATIONAL DEMOCRATIC CONVENTION,36,less than 39,Male
MALUSI ISAAC KEKANA,National,NEW VISION PARTY,55,39 - 59,Male
MADIMETJA JOSEPH LEFAKGOMO,National,NEW VISION PARTY,46,39 - 59,Male
VUYANI ELLIOT MZAZA,National,NEW VISION PARTY,41,39 - 59,Male
METSE ALPHEUS MAUPI,National,NEW VISION PARTY,43,39 - 59,Male
KWEZI MATIKINCA,National,NEW VISION PARTY,41,39 - 59,Male
MAEPA DAPHNEY MODIKOA,National,NEW VISION PARTY,49,39 - 59,Female
NOMTWABELA CELIA NCUBUKA,National,NEW VISION PARTY,61,60 - 79,Female
MALESELA MORRIS MOKOU,National,NEW VISION PARTY,35,less than 39,Male
MOGAPI JERRY MNISI,National,NEW VISION PARTY,37,less than 39,Male
BAHLAKOTJE SELINA PHOKANE,National,NEW VISION PARTY,49,39 - 59,Female
MATLABANE SAMSON MAKWANE,National,NEW VISION PARTY,42,39 - 59,Male
NKGAPE DORCUS RATSOMA,National,NEW VISION PARTY,43,39 - 59,Female
THOKO SEKE MALAPANE,National,NEW VISION PARTY,40,39 - 59,Female
MODJADJI MELIDAH LETSOALO,National,NEW VISION PARTY,37,less than 39,Female
MOKGADI ROSINAH MMOLAI,National,NEW VISION PARTY,40,39 - 59,Female
GWENDOLINE NGOAKWANA MOJODO,National,NEW VISION PARTY,30,less than 39,Female
MAHLATSI CLEMENT SEKUBA,National,NEW VISION PARTY,40,39 - 59,Male
MMAKWENA LISBETH SEEMA,National,NEW VISION PARTY,37,less than 39,Female
PHEAHE NELSON SETJIE,National,NEW VISION PARTY,47,39 - 59,Male
KHOMOTSO JOSEPHINA MARIBENG,National,NEW VISION PARTY,41,39 - 59,Female
MAITE GLADYS MANOKWANA,National,NEW VISION PARTY,24,less than 39,Female
TLAKALE GLORIA SEKHUKHUNE,National,NEW VISION PARTY,37,less than 39,Female
AGOS MMUSHI MATHIBELA,National,NEW VISION PARTY,39,39 - 59,Male
LIPIS MOIMA,National,NEW VISION PARTY,38,less than 39,Male
MORWANGOATO HARRY MAKOLA,National,NEW VISION PARTY,33,less than 39,Male
MASHILWANE ALPHEUS MAISELA,National,NEW VISION PARTY,54,39 - 59,Male
MASHUDU SYLVIA MABADAHANI,National,NEW VISION PARTY,36,less than 39,Female
MBHAZIMA ELIAS CHAVALALA,National,NEW VISION PARTY,49,39 - 59,Male
NKHENSANI SARAH NKANYANI,National,NEW VISION PARTY,43,39 - 59,Female
MAPHUTI DOREEN GATJANE,National,NEW VISION PARTY,28,less than 39,Female
MATLOU THOMAS MOLEBO,National,NEW VISION PARTY,35,less than 39,Male
LETLAPA MOROATSHOGE MPHAHLELE,National,PAN AFRICANIST CONGRESS OF AZANIA,49,39 - 59,Male
WATERS TOBOTI,National,PAN AFRICANIST CONGRESS OF AZANIA,70,60 - 79,Male
NTSIRI SHADRACK POOE,National,PAN AFRICANIST CONGRESS OF AZANIA,34,less than 39,Male
TEBELLO JOSEPH MOFOKENG,National,PAN AFRICANIST CONGRESS OF AZANIA,44,39 - 59,Male
LEHUTO LUCAS MOTHIBE,National,PAN AFRICANIST CONGRESS OF AZANIA,39,39 - 59,Male
STEPHEN PLAATJIE,National,PAN AFRICANIST MOVEMENT,42,39 - 59,Male
OWEN KHATHAZILE,National,PAN AFRICANIST MOVEMENT,41,39 - 59,Male
ZIBA BONGINKOSI JIYANE,National,SOUTH AFRICAN DEMOCRATIC CONGRESS,51,39 - 59,Male
LUCAS MANYANE MANGOPE,National,UNITED CHRISTIAN DEMOCRATIC PARTY,86,80 and over,Male
MASELELWANE MARGARET SEKETE-MATOKONYANE,National,UNITED CHRISTIAN DEMOCRATIC PARTY,53,39 - 59,Female
JANTJIE OLEHILE MOENG,National,UNITED CHRISTIAN DEMOCRATIC PARTY,49,39 - 59,Male
MATHENTHANE CARL MOGOTSI,National,UNITED CHRISTIAN DEMOCRATIC PARTY,70,60 - 79,Male
MOKETE CROSS SHOPO,National,UNITED CHRISTIAN DEMOCRATIC PARTY,40,39 - 59,Male
KEAGILE ELIZABETH VANWIELIGH,National,UNITED CHRISTIAN DEMOCRATIC PARTY,66,60 - 79,Female
MOKONE LYDIA MOLEHE,National,UNITED CHRISTIAN DEMOCRATIC PARTY,48,39 - 59,Female
ENNIA PITSO,National,UNITED CHRISTIAN DEMOCRATIC PARTY,49,39 - 59,Female
SUZAN NTOMBISIBILI DHLAMINI,National,UNITED CHRISTIAN DEMOCRATIC PARTY,30,less than 39,Female
NTUBOY SOLOMON MOTONA,National,UNITED CHRISTIAN DEMOCRATIC PARTY,61,60 - 79,Male
MARIA LYDIA LETSOALO,National,UNITED CHRISTIAN DEMOCRATIC PARTY,59,39 - 59,Female
DADDY RAMA RAMJEE,National,UNITED CHRISTIAN DEMOCRATIC PARTY,52,39 - 59,Male
ROBERT KARABO SETLALEKGOSI,National,UNITED CHRISTIAN DEMOCRATIC PARTY,20,less than 39,Male
KAGISHO SAMUEL WILDEBEES,National,UNITED CHRISTIAN DEMOCRATIC PARTY,67,60 - 79,Male
SOLOMON TSHEGOFATSO PILANE,National,UNITED CHRISTIAN DEMOCRATIC PARTY,24,less than 39,Male
EUGENE BOIPELO MONNAPULA,National,UNITED CHRISTIAN DEMOCRATIC PARTY,20,less than 39,Male
BANTUBONKE HARRINGTON HOLOMISA,National,UNITED DEMOCRATIC MOVEMENT,54,39 - 59,Male
CHRISTOBEL THANDIWE NONTENJA,National,UNITED DEMOCRATIC MOVEMENT,53,39 - 59,Female
FARRINGTON SINDEZAMA MDUNYELWA,National,UNITED DEMOCRATIC MOVEMENT,57,39 - 59,Male
BONGANI RICHARD DUDUMAYO,National,UNITED DEMOCRATIC MOVEMENT,49,39 - 59,Male
JOHN BUZANI MATETA,National,UNITED DEMOCRATIC MOVEMENT,43,39 - 59,Male
SIMANGA BENJAMIN BHALENG,National,UNITED DEMOCRATIC MOVEMENT,36,less than 39,Male
LENNOX MPUMELELO NDUDE,National,UNITED DEMOCRATIC MOVEMENT,57,39 - 59,Male
SHAWN JOSEPH VAN DER MERWE,National,UNITED DEMOCRATIC MOVEMENT,43,39 - 59,Male
TSIETSI DANIEL KHATI,National,UNITED DEMOCRATIC MOVEMENT,35,less than 39,Male
MZWANDILE MANJIYA,National,UNITED INDEPENDENT FRONT,37,less than 39,Male
MLIMI MONAKALI,National,UNITED INDEPENDENT FRONT,42,39 - 59,Male
MICHAEL KGOMOTSO NTHITE,National,UNITED INDEPENDENT FRONT,44,39 - 59,Male
PIETER WILLEM ADRIAAN MULDER,National,VRYHEIDSFRONT PLUS,58,39 - 59,Male
ABRAHAM PIETER OOSTHUIZEN,National,VRYHEIDSFRONT PLUS,59,39 - 59,Male
CORNELIUS PETRUS MULDER,National,VRYHEIDSFRONT PLUS,51,39 - 59,Male
PETRUS JOHANNES GROENEWALD,National,VRYHEIDSFRONT PLUS,54,39 - 59,Male
WILLIE DURAND SPIES,National,VRYHEIDSFRONT PLUS,40,39 - 59,Male
FREDERIK JACOBUS VAN HEERDEN,National,VRYHEIDSFRONT PLUS,72,60 - 79,Male
WERNER LUDOLF WEBER,National,VRYHEIDSFRONT PLUS,66,60 - 79,Male
CAREL WILLEM HENDRIK BOSHOFF,National,VRYHEIDSFRONT PLUS,46,39 - 59,Male
ANDREW FOURIE,National,VRYHEIDSFRONT PLUS,65,60 - 79,Male
ANDREW GERBER,National,VRYHEIDSFRONT PLUS,65,60 - 79,Male
EMMERENTIA FREDERIKA LANDMAN,National,VRYHEIDSFRONT PLUS,65,60 - 79,Female
FREDERIK JACOBUS MULDER,National,VRYHEIDSFRONT PLUS,45,39 - 59,Male
WILLEM JACOBUS SNYMAN,National,VRYHEIDSFRONT PLUS,77,60 - 79,Male
ELIZABETH SNYMAN-VAN DEVENTER,National,VRYHEIDSFRONT PLUS,42,39 - 59,Female
PIETER DANIEL UYS,National,VRYHEIDSFRONT PLUS,61,60 - 79,Male
CORNELIUS JACOBUS JANSEN VAN RENSBURG,National,VRYHEIDSFRONT PLUS,27,less than 39,Male
JOHANNES MARTHUNIS VAN NIEKERK,National,VRYHEIDSFRONT PLUS,28,less than 39,Male
PIETER MEY,National,VRYHEIDSFRONT PLUS,61,60 - 79,Male
ABRAM LE ROUX,National,VRYHEIDSFRONT PLUS,61,60 - 79,Male
CARL MAGNUS LÖNNGREN VENTER,National,VRYHEIDSFRONT PLUS,63,60 - 79,Male
ANTON DE WAAL ALBERTS,National,VRYHEIDSFRONT PLUS,39,39 - 59,Male
KRITZINGER MEY,National,VRYHEIDSFRONT PLUS,43,39 - 59,Male
RYKHAARD VAN JAARSVELD,National,VRYHEIDSFRONT PLUS,60,60 - 79,Male
MARTHA JOHANNA RICHTER,National,VRYHEIDSFRONT PLUS,69,60 - 79,Female
LINNETTE BADENHORST,National,VRYHEIDSFRONT PLUS,56,39 - 59,Female
DIRK WOUTER HOFFMAN,National,VRYHEIDSFRONT PLUS,68,60 - 79,Male
FERDINAND HARTZENBERG,National,VRYHEIDSFRONT PLUS,38,less than 39,Male
GERT STEFANUS FOUCHE,National,VRYHEIDSFRONT PLUS,61,60 - 79,Male
PETRUS JOHANNES BRINK,National,VRYHEIDSFRONT PLUS,64,60 - 79,Male
MATTHEUS JOHANNES WILLEMSE,National,VRYHEIDSFRONT PLUS,65,60 - 79,Male
JAMES DANIEL KEMP,National,VRYHEIDSFRONT PLUS,28,less than 39,Male
IGNATIUS MICHAEL GROENEWALD,National,VRYHEIDSFRONT PLUS,26,less than 39,Male
ELIZABETHA JOHANNA BISSCHOFF,National,VRYHEIDSFRONT PLUS,63,60 - 79,Female
ANJE STRIK VERWOERD,National,VRYHEIDSFRONT PLUS,37,less than 39,Female
PHILIPPUS ADRIAAN VAN STADEN,National,VRYHEIDSFRONT PLUS,34,less than 39,Male
MARIE BOSHOFF,National,VRYHEIDSFRONT PLUS,38,less than 39,Female
CHARLES DAWID HAWKINS,National,VRYHEIDSFRONT PLUS,62,60 - 79,Male
CORNELIUS PETRUS HATTINGH,National,VRYHEIDSFRONT PLUS,56,39 - 59,Male
JOHANNES GEYSBERTUS ROOS BORNMAN,National,VRYHEIDSFRONT PLUS,61,60 - 79,Male
HEDWIG GROENEWALD,National,VRYHEIDSFRONT PLUS,41,39 - 59,Female
WOUTER WYNAND WESSELS,National,VRYHEIDSFRONT PLUS,24,less than 39,Male
ANSIE DU PLOOY,National,VRYHEIDSFRONT PLUS,31,less than 39,Female
CLAUDINA VAN WYK,National,VRYHEIDSFRONT PLUS,41,39 - 59,Female
DOROTHEA MARIA BLIGNAUT,National,VRYHEIDSFRONT PLUS,57,39 - 59,Female
GERTRUIDA HILDAGAARD BOTHA,National,VRYHEIDSFRONT PLUS,53,39 - 59,Female
JOHAN VAN DRIMMELEN,National,VRYHEIDSFRONT PLUS,65,60 - 79,Male
JOHANN CHRISTIAAN BOSHOFF,National,VRYHEIDSFRONT PLUS,58,39 - 59,Male
ANNA DIANE CORNELIA LE ROUX,National,VRYHEIDSFRONT PLUS,54,39 - 59,Female
RONALD BRAND,National,VRYHEIDSFRONT PLUS,52,39 - 59,Male
CORNELIA NIKKE STRYDOM,National,VRYHEIDSFRONT PLUS,20,less than 39,Female
ZETWEE HATTINGH,National,VRYHEIDSFRONT PLUS,25,less than 39,Male
JOHANNES DANIËL POWELL,National,VRYHEIDSFRONT PLUS,58,39 - 59,Male
THEO DU TOIT,National,VRYHEIDSFRONT PLUS,53,39 - 59,Male
HEIDI GUDRUN WEBER,National,VRYHEIDSFRONT PLUS,48,39 - 59,Female
IGNATIUS JACOBUS FERREIRA,National,VRYHEIDSFRONT PLUS,79,60 - 79,Male
BERNHARDUS JACOBUS HANEKOM,National,VRYHEIDSFRONT PLUS,49,39 - 59,Male
CHRISTIAAN BENEKE,National,VRYHEIDSFRONT PLUS,38,less than 39,Male
HENDRIK GERHARDUS PISTORIUS,National,VRYHEIDSFRONT PLUS,57,39 - 59,Male
JOHANNES GERT HEYMAN,National,VRYHEIDSFRONT PLUS,67,60 - 79,Male
TAMARIN BREEDT,National,VRYHEIDSFRONT PLUS,23,less than 39,Female
URSULA COETZEE,National,VRYHEIDSFRONT PLUS,53,39 - 59,Female
PETRUS JOHANNES FOURIE,National,VRYHEIDSFRONT PLUS,69,60 - 79,Male
WYNAND FREDERIK VAN WYK,National,VRYHEIDSFRONT PLUS,68,60 - 79,Male
JOHANNES GERT ELIAS DUVENAGE,National,VRYHEIDSFRONT PLUS,65,60 - 79,Male
MAGRIETHA JOHANNA SNYMAN,National,VRYHEIDSFRONT PLUS,68,60 - 79,Female
JOHANNES THEODORUS POTGIETER,National,VRYHEIDSFRONT PLUS,67,60 - 79,Male
WILLEM PETRUS BOSHOFF,National,VRYHEIDSFRONT PLUS,64,60 - 79,Male
HANNO ALBERT DEN BOER,National,VRYHEIDSFRONT PLUS,31,less than 39,Male
AMANDA KLEINHANS,National,VRYHEIDSFRONT PLUS,42,39 - 59,Female
TERTIA NICOLETTE MATTHEE,National,VRYHEIDSFRONT PLUS,40,39 - 59,Female
HENDRIK JOHANNES JACOB COETZEE,National,VRYHEIDSFRONT PLUS,51,39 - 59,Male
ERNST LODEWIKUS MARAIS BOTES,National,VRYHEIDSFRONT PLUS,70,60 - 79,Male
BRENT JAN ALBERT COETZEE,National,VRYHEIDSFRONT PLUS,37,less than 39,Male
SAREL FREDERICK BOTES,National,VRYHEIDSFRONT PLUS,80,80 and over,Male
DAVID STEWART,National,VRYHEIDSFRONT PLUS,57,39 - 59,Male
FREDERIKA ROETS ROSSOUW,National,VRYHEIDSFRONT PLUS,49,39 - 59,Female
MARIA JACOMINA CATHARINA KRUGER,National,VRYHEIDSFRONT PLUS,59,39 - 59,Female
DIRK JOHANNES VAN TONDER,National,VRYHEIDSFRONT PLUS,75,60 - 79,Male
MARIE ELIZABETH NELL,National,VRYHEIDSFRONT PLUS,59,39 - 59,Female
STEPHAN HARLEY,National,VRYHEIDSFRONT PLUS,61,60 - 79,Male
ANNEMIE JONKER,National,VRYHEIDSFRONT PLUS,43,39 - 59,Female
PIETER DANIEL JACOBS,National,VRYHEIDSFRONT PLUS,68,60 - 79,Male
WILLEM ADRIAAN VAN DYK,National,VRYHEIDSFRONT PLUS,66,60 - 79,Male
DIEDERIK JOHANNES DAVEL,National,VRYHEIDSFRONT PLUS,56,39 - 59,Male
CECIL DE VILLIERS,National,VRYHEIDSFRONT PLUS,71,60 - 79,Male
THEUNETTE SNYMAN,National,VRYHEIDSFRONT PLUS,53,39 - 59,Female
PHILLIPPUS PETRUS VAN DER MERWE,National,VRYHEIDSFRONT PLUS,60,60 - 79,Male
JACOBUS HERCULES VAN NIEKERK,National,VRYHEIDSFRONT PLUS,57,39 - 59,Male
PETRUS JOHANNES VAN NIEKERK,National,VRYHEIDSFRONT PLUS,53,39 - 59,Male
JOHAN SNYMAN,National,VRYHEIDSFRONT PLUS,56,39 - 59,Male
JOHAN BOTES,National,VRYHEIDSFRONT PLUS,39,39 - 59,Male
DANIEL JACOBUS BRINK,National,VRYHEIDSFRONT PLUS,77,60 - 79,Male
MARTHINUS WESSEL PRETORIUS,National,VRYHEIDSFRONT PLUS,39,39 - 59,Male
GERRIT NOLTE,National,VRYHEIDSFRONT PLUS,61,60 - 79,Male
MARIUS SMUTS,National,VRYHEIDSFRONT PLUS,41,39 - 59,Male
ROELINE VENTER,National,VRYHEIDSFRONT PLUS,21,less than 39,Female
FLORIS PETRUS DAFEL,National,VRYHEIDSFRONT PLUS,65,60 - 79,Male
ELIZABETH CATHARINA WAHL,National,VRYHEIDSFRONT PLUS,56,39 - 59,Female
ALAN ERIC CAWOOD,National,VRYHEIDSFRONT PLUS,34,less than 39,Male
HENDRIK GERHARDUS VAN DER LINDE,National,VRYHEIDSFRONT PLUS,46,39 - 59,Male
CHARL EDUARD HERTZOG,National,VRYHEIDSFRONT PLUS,62,60 - 79,Male
DAVID ROUX TRUTER,National,VRYHEIDSFRONT PLUS,52,39 - 59,Male
DOROTHEA COROLINA DEKKER,National,VRYHEIDSFRONT PLUS,65,60 - 79,Female
FRANCO CAREL DE LANGE,National,VRYHEIDSFRONT PLUS,33,less than 39,Male
PETRUS WILHELMUS SMITH,National,VRYHEIDSFRONT PLUS,54,39 - 59,Male
MARTINUS HERMANUS JANSEN,National,VRYHEIDSFRONT PLUS,66,60 - 79,Male
WILLIAM FREDERICK EYRE,National,VRYHEIDSFRONT PLUS,60,60 - 79,Male
WILLEM KORNELIUS ROSSOUW,National,VRYHEIDSFRONT PLUS,52,39 - 59,Male
JAN WILLEM VAN DER WESTHUIZEN,National,VRYHEIDSFRONT PLUS,64,60 - 79,Male
GIDEON RUDOLPH DE VRIES,National,VRYHEIDSFRONT PLUS,48,39 - 59,Male
VICTOR HUGO SMIT,National,VRYHEIDSFRONT PLUS,55,39 - 59,Male
FRANCOIS ALWYN SCHEEPERS,National,VRYHEIDSFRONT PLUS,51,39 - 59,Male
JACOB PIETER VAN DEN BERG,National,VRYHEIDSFRONT PLUS,72,60 - 79,Male
JOHANN FRIEDRICH WEBER,National,VRYHEIDSFRONT PLUS,25,less than 39,Male
BENJAMIN CHRISTIAAN SCHOONWINKEL,National,VRYHEIDSFRONT PLUS,24,less than 39,Male
JOHANNES URBANUS VAN DER WALT,National,VRYHEIDSFRONT PLUS,57,39 - 59,Male
REYNIER JOHANNES ROSSOUW,National,VRYHEIDSFRONT PLUS,30,less than 39,Male
DIEDERIK FRANCOIS KRUGER,National,VRYHEIDSFRONT PLUS,63,60 - 79,Male
CORNELIUS CASPARUS MEYER,National,VRYHEIDSFRONT PLUS,71,60 - 79,Male
JOHANN JORDAAN,National,VRYHEIDSFRONT PLUS,46,39 - 59,Male
CORNELIA ELIZABETH VAN DER LINDE,National,VRYHEIDSFRONT PLUS,42,39 - 59,Female
FLORENCE ETHEL LONGLAND,National,VRYHEIDSFRONT PLUS,55,39 - 59,Female
GUILLAUME FRANCOIS NEL,National,VRYHEIDSFRONT PLUS,78,60 - 79,Male
JACQUELINE CALITZ,National,VRYHEIDSFRONT PLUS,39,39 - 59,Female
CHRISTOFFEL JOHANNES VILJOEN,National,VRYHEIDSFRONT PLUS,58,39 - 59,Male
NEIL COLBORNE,National,VRYHEIDSFRONT PLUS,37,less than 39,Male
PAUL ROUX WENTZEL,National,VRYHEIDSFRONT PLUS,63,60 - 79,Male
LOWINA CHRISTINA MATTHEUS,National,VRYHEIDSFRONT PLUS,65,60 - 79,Female
MARTIN GIDEON RAUTENBACH,National,VRYHEIDSFRONT PLUS,57,39 - 59,Male
ARTHUR LLEWELLYN ISTED NAUDÉ,National,VRYHEIDSFRONT PLUS,66,60 - 79,Male
PETRUS JACOBUS ARNOLDUS VAN DER MERWE,National,VRYHEIDSFRONT PLUS,64,60 - 79,Male
FRANCIS JOHANNES ROBBETZE,National,VRYHEIDSFRONT PLUS,57,39 - 59,Male
RUDI VENTER,National,VRYHEIDSFRONT PLUS,55,39 - 59,Male
GERHARD LOTZ,National,VRYHEIDSFRONT PLUS,47,39 - 59,Male
JOHN PATRICK STRINGER,National,VRYHEIDSFRONT PLUS,62,60 - 79,Male
VICTOR WILHELM CHRISTIAN MÖHLE,National,VRYHEIDSFRONT PLUS,69,60 - 79,Male
CHRISTIAAN TOERIEN,National,VRYHEIDSFRONT PLUS,33,less than 39,Male
LUKAS CORNELIUS VAN DER MERWE,National,VRYHEIDSFRONT PLUS,49,39 - 59,Male
JOHANNES VENTER,National,VRYHEIDSFRONT PLUS,75,60 - 79,Male
MARIO QUENTIN SWANEPOEL,National,VRYHEIDSFRONT PLUS,26,less than 39,Male
ROY MATTHEE,National,VRYHEIDSFRONT PLUS,41,39 - 59,Male
PIETER JACOBUS LONGLAND,National,VRYHEIDSFRONT PLUS,53,39 - 59,Male
JACOBA FRANCINA VAN DER MERWE,National,VRYHEIDSFRONT PLUS,61,60 - 79,Female
MORNÉ VAN DER MERWE,National,VRYHEIDSFRONT PLUS,28,less than 39,Male
CORNELIUS JOHANNES VENTER,National,VRYHEIDSFRONT PLUS,68,60 - 79,Male
JOHANNES JURGENS KLEINHANS,National,VRYHEIDSFRONT PLUS,43,39 - 59,Male
JAN HENDRIK JACOBUS VAN DEN BERGH,National,VRYHEIDSFRONT PLUS,59,39 - 59,Male
FRANCOIS KRUGER,National,VRYHEIDSFRONT PLUS,33,less than 39,Male
HENDRIENA MAGARETHA VAN DER MERWE,National,VRYHEIDSFRONT PLUS,62,60 - 79,Female
JOHANNES VREUGDENBURG,National,VRYHEIDSFRONT PLUS,73,60 - 79,Male
STEPHANUS TERBLANCHE,National,VRYHEIDSFRONT PLUS,50,39 - 59,Male
JOHANNES KOENRAAD LOUW,National,VRYHEIDSFRONT PLUS,34,less than 39,Male
LINDIWE NANA NGOBESE,National,WOMEN FORWARD,48,39 - 59,Female
SARAH EDITH RUSSELL COLLINS,National,WOMEN FORWARD,40,39 - 59,Female
TSHIFHIWA CONSTANCE NANGAMMBI,National,WOMEN FORWARD,30,less than 39,Female
SIBONGILE ISABEL SHEZI,National,WOMEN FORWARD,46,39 - 59,Female
EDZISANI REGUEL MULAUDZI,National,WOMEN FORWARD,43,39 - 59,Male
RUDZANI EMELY MADZAGADZAGA,National,WOMEN FORWARD,32,less than 39,Female
JEANETTE THABISENG RADEBE,National,WOMEN FORWARD,39,39 - 59,Female
